0,3960
1,85
2,11
3,11.67
4,6
5,1290
6,150
7,13.875
8,8.8
9,3
10,56
11,10500
12,1600
13,56
14,9
15,292
16,16
17,18.7
18,322.5
19,10
20,12
21,10
22,28
23,68
24,126
25,53
26,19
27,3
28,1.89
29,1950
30,3.6
31,80
32,12
33,720
34,6
35,12
36,1
37,5
38,60
39,48
40,400
41,24
42,6
43,500
44,4
45,16
46,95
47,288
48,40
49,280
50,656
51,9
52,8000
53,576
54,778
55,120
56,138
57,4925
58,1248
59,1
60,13
61,1201
62,1300
63,73
64,1274
65,70.56
66,1199.96
67,100
68,3360
69,85
70,2
71,73.8
72,6600
73,2
74,200
75,3.8
76,3.1
77,13/20
78,24
79,406
80,3.3
81,5
82,7
83,1568
84,260
85,50%
86,15
87,40
88,402
89,374
90,3
91,40
92,112
93,1735
94,1536
95,162
96,8
97,16
98,3
99,260
100,2196.8
101,400
102,3486
103,14
104,30
105,145
106,5/9
107,1
108,10.9
109,1/12.5
110,4/10
111,1200
112,560
113,159
114,1
115,160
116,820
117,623
118,192
119,124
120,-1.16
121,13
122,39.25
123,69
124,2000
125,90%
126,365
127,2
128,176
129,770
130,9
131,6089
132,10
133,9
134,11200
135,248
136,605
137,50
138,24
139,90
140,90
141,74
142,96
143,15
144,113.44
145,356
146,20
147,8400
148,4800
149,8
150,112.5
151,494
152,2.86
153,490
154,8000
155,3/10
156,0.63
157,600
158,2
159,60
160,30
161,20
162,5
163,6
164,14
165,1350
166,336
167,63
168,10
169,360
170,2.44
171,7
172,280
173,144
174,35
175,14
176,5
177,9
178,32
179,10
180,20
181,1500
182,30
183,9
184,1/4
185,650
186,5000
187,1.03
188,78
189,2
190,782
191,122.46
192,10245
193,880
194,12000
195,1
196,24
197,27
198,450
199,272
200,0
201,114
202,6
203,2
204,0.125
205,26
206,3
207,6
208,39
209,6175
210,1
211,69.525
212,3051
213,28568.4
214,6
215,612500
216,525
217,13.25
218,3072
219,1
220,5
221,333
222,20
223,16
224,200
225,1872
226,32
227,9
228,1.43
229,28.8
230,-190
231,293
232,3350
233,207
234,684
235,3500
236,255
237,4950
238,7/3
239,164
240,2.5
241,231
242,8
243,437.5
244,108
245,5
246,25
247,17/24
248,240
249,60
250,21923.2
251,0.475
252,3
253,1260
254,145
255,6000
256,1536
257,6
258,490
259,5
260,2700
261,36
262,46.67
263,6
264,4
265,6
266,24
267,276
268,26
269,94
270,2500
271,23000
272,750
273,12
274,520
275,1585
276,-289
277,5.4
278,3.2
279,750
280,40
281,8
282,6
283,736
284,64
285,24
286,240
287,579
288,66
289,2250
290,708
291,4
292,30
293,546
294,16
295,21
296,160
297,6
298,4
299,93
300,224
301,2
302,8
303,8
304,81
305,10000
306,2.86
307,20
308,6
309,5
310,40
311,450
312,54
313,7
314,36
315,60
316,2000000
317,324
318,900
319,20
320,4
321,432
322,6
323,40
324,5
325,51
326,3450
327,73.75
328,890
329,3
330,10000
331,144667
332,16000
333,300
334,7
335,336
336,15
337,486
338,5/11
339,10
340,3562.5
341,10
342,21
343,50
344,60
345,47.62
346,48
347,1
348,425
349,9
350,0.32
351,600
352,120
353,2872
354,120
355,140
356,162.5
357,1.884
358,12500
359,6
360,11304
361,200
362,45
363,8
364,2.5
365,36
366,35
367,32
368,8
369,219
370,150
371,242
372,10
373,7
374,36
375,1350
376,591
377,288
378,4532
379,5
380,2.8
381,64
382,2
383,624
384,56375
385,91
386,2
387,3
388,100
389,19
390,15
391,1260
392,768
393,800
394,11.75
395,4.12
396,450
397,8
398,6592
399,63
400,10.7
401,1.5
402,864
403,4
404,350
405,32
406,10
407,4
408,4
409,3.14
410,12
411,6
412,1/2
413,800
414,10
415,85.98
416,55
417,8
418,1320
419,60
420,0
421,20
422,303
423,1.5
424,1.87
425,15.12
426,0.6
427,1120
428,525
429,1000
430,580
431,1080
432,96
433,177
434,800
435,31
436,408
437,44
438,15
439,7700
440,4
441,38
442,410
443,4
444,64
445,765
446,5
447,3
448,20
449,1920
450,2284
451,1
452,0.3%
453,30
454,30
455,133
456,1080
457,6
458,76
459,390
460,24
461,2400
462,32
463,816
464,12
465,1710
466,330
467,164
468,21
469,30
470,12
471,16.2
472,700
473,125.6
474,192
475,21
476,534
477,980
478,1152
479,231
480,72
481,1066
482,20
483,1.25
484,30
485,280
486,132
487,216
488,15
489,888
490,54
491,96
492,180
493,119.92
494,440
495,2004.8
496,900
497,1440
498,80
499,584
500,272
501,800
502,320
503,1
504,1759
505,426
506,450
507,700
508,188
509,78
510,13.2
511,14
512,0.5
513,28
514,120
515,57
516,1639
517,0.95
518,5
519,119
520,45
521,7
522,355
523,21800
524,20
525,50
526,340
527,100
528,30
529,31.4
530,120
531,6
532,150
533,52.95
534,12
535,4.5
536,13.44
537,41
538,7
539,96
540,270
541,2000
542,216
543,600
544,44
545,0.25
546,9
547,84
548,2
549,108
550,1730
551,3.14
552,48
553,3
554,550
555,1000
556,11
557,462
558,50.24
559,50.24
560,1.2
561,6
562,24
563,90
564,60
565,150
566,3
567,2940
568,652
569,2500
570,266
571,16.8
572,10700
573,24
574,7500
575,697.5
576,5
577,2.4
578,150
579,132
580,400
581,-7
582,348.6
583,576
584,8
585,6
586,0
587,33
588,50
589,240
590,76
591,16
592,24
593,40
594,0
595,25
596,0.05625
597,890
598,192
599,6000
600,294
601,2.67
602,3
603,100
604,50
605,5
606,25
607,12
608,5
609,2.07
610,15000000
611,18
612,58
613,180
614,9.6
615,976000
616,116.80
617,400
618,1000
619,110
620,66.6
621,50
622,0.8
623,114
624,98
625,3
626,550
627,180
628,50
629,108
630,20
631,314
632,6
633,2000
634,452
635,90.5%
636,60%
637,75%
638,99%
639,12
640,0.58
641,40
642,1000
643,33
644,4
645,10
646,6
647,82
648,4.3
649,1
650,340
651,21
652,20
653,25
654,100.5%
655,49
656,11
657,98%
658,18
659,95%
660,42
661,1000
662,950
663,75%
664,60
665,345
666,50
667,9
668,5
669,36000
670,5
671,90
672,20
673,46.6
674,151
675,8%
676,8
677,0.66
678,103.47%
679,96%
680,30
681,46
682,120
683,450
684,4
685,100
686,2240
687,150
688,144
689,25.5
690,3
691,1500
692,56
693,2
694,87
695,550
696,16
697,1.2
698,16
699,60
700,72
701,16
702,4
703,2
704,18.2
705,12.375
706,0.94
707,8
708,20
709,66
710,32
711,38
712,4000
713,6
714,10%
715,10000
716,24
717,100
718,1
719,60
720,30
721,6
722,134
723,11
724,76
725,17
726,0.85
727,117
728,77
729,160
730,120
731,30
732,16
733,100
734,295
735,0.135
736,-30
737,1
738,35
739,160
740,95%
741,4
742,1/4
743,3051
744,3
745,1360
746,20
747,161.6
748,30
749,2
750,10
751,114.67
752,56
753,11
754,22.75
755,250
756,4
757,96
758,15
759,6
760,276.08
761,60
762,1380
763,4
764,11
765,400
766,12124.8
767,2.16
768,4714.29
769,30
770,861
771,10
772,187
773,3
774,48
775,11
776,2000
777,480
778,420
779,28
780,5
781,512000
782,1960
783,2
784,39
785,156
786,2
787,18
788,625
789,9
790,98%
791,113.09
792,625
793,14
794,82.09
795,545.45
796,16
797,7.5
798,63.2
799,3/5
800,147.25
801,66
802,24
803,118
804,7.5
805,11.4
806,500
807,240
808,16
809,336
810,2.4
811,5.9
812,2
813,1
814,25
815,4840
816,2000
817,12
818,9
819,160
820,60
821,120
822,66
823,100
824,2
825,105000
826,1
827,6.67
828,1.1
829,39
830,2.9
831,320
832,0.1
833,15
834,7
835,80
836,45
837,3
838,20
839,5
840,88
841,2.5
842,8
843,36
844,546
845,2
846,8
847,42
848,5372
849,2
850,10
851,1320
852,20
853,18
854,20
855,21
856,9
857,120
858,10.5
859,1
860,8
861,3/5
862,48
863,7
864,1
865,11
866,2.5
867,1155
868,3.2
869,7500
870,3
871,0.324
872,9
873,63
874,48
875,7
876,10000
877,20.76%
878,25
879,78.5%
880,2
881,90
882,12
883,21
884,5
885,10
886,156
887,3
888,5
889,4
890,6
891,54
892,50.4
893,72.7
894,320
895,18
896,185
897,10
898,0.048
899,60000
900,5760
901,207000
902,1360/255
903,75
904,60
905,150
906,0
907,428570
908,26
909,1/3
910,28
911,10
912,15
913,-29
914,1.52
915,425
916,2000
917,5
918,16.56
919,1.9
920,200
921,3
922,3
923,95.83%
924,2
925,6
926,97.5%
927,225
928,30
929,32.2
930,6
931,5500
932,120
933,18.84
934,7.1
935,2150
936,290
937,48
938,6.66
939,11
940,64
941,19
942,12
943,24
944,7
945,12
946,176
947,1
948,90
949,40
950,0.6
951,12
952,8
953,45
954,100
955,10
956,5120
957,60000
958,1150.88
959,13
960,2
961,7
962,640
963,31050
964,16
965,15
966,25
967,10
968,2
969,3/8
970,78.08
971,10
972,3424
973,10
974,41
975,4
976,70
977,2
978,1.7
979,910
980,182.90
981,20
982,30
983,448
984,20%
985,74
986,42.08
987,10
988,7
989,300
990,20
991,2760
992,589
993,700
994,577%
995,2040
996,11
997,18
998,72
999,49%
1000,1.57
1001,140
1002,146
1003,45
1004,6
1005,110%
1006,63
1007,31
1008,974400
1009,4
1010,3
1011,165
1012,312.5
1013,4%
1014,2
1015,3200
1016,15
1017,4
1018,99
1019,2/3
1020,9
1021,25%
1022,20%
1023,1
1024,16.2
1025,40800
1026,16000
1027,4
1028,317
1029,192
1030,20
1031,215.84
1032,69
1033,2
1034,1
1035,270
1036,0.108
1037,30
1038,2
1039,9.52
1040,12
1041,8000
1042,33
1043,1500
1044,1.735
1045,343
1046,2.22
1047,36
1048,12167
1049,412.5
1050,60
1051,100
1052,240
1053,24
1054,6750
1055,1
1056,12
1057,10800
1058,2
1059,512
1060,1.5
1061,11
1062,3.77
1063,5/2
1064,60
1065,20
1066,4
1067,4.61
1068,40
1069,45
1070,57
1071,18.75
1072,76
1073,124
1074,5
1075,4138
1076,4
1077,272
1078,1.5
1079,180
1080,98
1081,72
1082,4.375
1083,20
1084,1.3
1085,12.2
1086,3/20
1087,480
1088,4/9
1089,0.0576
1090,120
1091,60
1092,300
1093,112
1094,40
1095,18
1096,1440
1097,8
1098,-162
1099,76.8
1100,7
1101,16
1102,859
1103,40
1104,285
1105,1/3
1106,-18.5
1107,12
1108,2.25
1109,13
1110,27
1111,3
1112,11.28
1113,33.33%
1114,850
1115,68
1116,6
1117,20
1118,8
1119,3
1120,15
1121,30
1122,18
1123,10
1124,66
1125,-8
1126,12
1127,20.83
1128,1
1129,1110
1130,0.66
1131,1
1132,32
1133,550
1134,128
1135,40
1136,30.06
1137,13
1138,480
1139,192
1140,30
1141,27
1142,8
1143,210
1144,10
1145,4
1146,300
1147,5
1148,3
1149,19.3
1150,0.087
1151,10
1152,2
1153,770
1154,82.60
1155,300
1156,11
1157,19
1158,1154
1159,3
1160,78.75
1161,1
1162,80
1163,120
1164,8845
1165,9
1166,5
1167,20
1168,24.6
1169,12
1170,20.7%
1171,960
1172,360
1173,140
1174,1.5
1175,98%
1176,10
1177,40
1178,9400
1179,276
1180,18
1181,45000
1182,24
1183,54
1184,800
1185,120
1186,132
1187,201
1188,400
1189,600
1190,2
1191,300
1192,2.7
1193,12
1194,96
1195,0%
1196,15
1197,50
1198,342
1199,4
1200,150
1201,25
1202,475
1203,75%
1204,51
1205,65.25
1206,12
1207,188
1208,6
1209,11
1210,1
1211,33
1212,480
1213,0%
1214,2
1215,4
1216,88
1217,3
1218,11
1219,75000
1220,73.33%
1221,60
1222,34
1223,6
1224,48
1225,33.33
1226,188.4
1227,3200
1228,25
1229,50
1230,4
1231,4
1232,114
1233,343
1234,1
1235,112.5
1236,280
1237,62
1238,15
1239,25
1240,40%
1241,1
1242,12
1243,0.75
1244,517
1245,4200
1246,85
1247,89
1248,56
1249,200
1250,42
1251,45
1252,36
1253,9
1254,36
1255,8
1256,30
1257,38
1258,24
1259,16
1260,23
1261,22
1262,4
1263,37
1264,6
1265,45
1266,8
1267,13
1268,8
1269,18
1270,55
1271,53
1272,30
1273,86
1274,45
1275,16
1276,72
1277,30
1278,84
1279,30
1280,81
1281,51
1282,84
1283,36
1284,42
1285,16
1286,45
1287,55
1288,27
1289,48
1290,9
1291,26
1292,26
1293,11
1294,36
1295,8
1296,0.4
1297,3
1298,8
1299,6
1300,10
1301,20
1302,5
1303,5
1304,6
1305,5
1306,4
1307,5
1308,8
1309,9
1310,7
1311,6
1312,3
1313,32
1314,4
1315,9
1316,72
1317,6
1318,11
1319,4
1320,6
1321,36
1322,80
1323,31
1324,53
1325,40
1326,17
1327,9
1328,20
1329,12
1330,22
1331,6
1332,34
1333,18
1334,4
1335,1
1336,54
1337,64
1338,24
1339,5
1340,73
1341,24
1342,6
1343,7
1344,24
1345,32
1346,31
1347,33
1348,6
1349,17
1350,7
1351,16
1352,19
1353,28
1354,21
1355,6.04
1356,74
1357,904.32
1358,160
1359,100
1360,9
1361,28800
1362,30000
1363,100%
1364,3
1365,2/5
1366,48
1367,8
1368,3.764
1369,144
1370,3
1371,15
1372,335
1373,1
1374,0.75
1375,7
1376,11000
1377,128
1378,6
1379,2
1380,2.7
1381,232
1382,1000
1383,162
1384,80
1385,3.075
1386,28
1387,2
1388,150
1389,4.9
1390,34
1391,60
1392,48000
1393,33
1394,40
1395,16
1396,64
1397,59
1398,95
1399,840
1400,6
1401,30
1402,640
1403,60
1404,30
1405,6
1406,23
1407,77
1408,1891
1409,750
1410,136
1411,380
1412,350
1413,5
1414,248
1415,30
1416,4800
1417,3
1418,160
1419,31
1420,1.07
1421,30.6
1422,15.45
1423,7.6
1424,0.008
1425,18
1426,9
1427,14
1428,266
1429,11
1430,22.5
1431,36
1432,1
1433,12
1434,2.5
1435,44.3
1436,195
1437,270.92
1438,191.35
1439,4320
1440,6
1441,10
1442,100
1443,60
1444,18
1445,20
1446,950
1447,200
1448,0.95
1449,4
1450,44
1451,48
1452,864
1453,307
1454,36.5
1455,65
1456,169
1457,31
1458,2
1459,9
1460,3612
1461,560
1462,57
1463,126
1464,-2
1465,290
1466,64
1467,160
1468,8.5
1469,1.1
1470,137
1471,-30
1472,40
1473,84
1474,22
1475,12
1476,1200
1477,9000
1478,12
1479,8
1480,0.6
1481,508
1482,28
1483,24
1484,1
1485,1
1486,10
1487,33
1488,8
1489,56
1490,3
1491,12
1492,15
1493,2125
1494,32
1495,5
1496,5
1497,10
1498,21.26
1499,2370
1500,1825
1501,12
1502,79
1503,40
1504,371
1505,28
1506,3
1507,2
1508,10.77
1509,180
1510,15
1511,1140
1512,4
1513,150
1514,72
1515,520
1516,216
1517,1.5
1518,3524
1519,12
1520,3
1521,40
1522,260
1523,410000
1524,331
1525,48
1526,70
1527,7.5
1528,20
1529,780
1530,202
1531,28
1532,20
1533,100
1534,4800
1535,0.5
1536,15.75
1537,24
1538,21
1539,160
1540,128
1541,113.04
1542,24
1543,-9
1544,11.84
1545,171
1546,120
1547,38.88
1548,0.0625
1549,26
1550,0.39
1551,28
1552,1250
1553,2250
1554,27
1555,628
1556,22.048
1557,4.56
1558,0.1
1559,8000
1560,863.1
1561,17
1562,5
1563,84
1564,12
1565,90
1566,360
1567,3.5
1568,110400
1569,999
1570,3000
1571,12
1572,31.4
1573,0.46875
1574,14.62
1575,10
1576,23.55
1577,1.08
1578,210
1579,-54
1580,25
1581,64
1582,125
1583,150
1584,125
1585,2450
1586,270
1587,2500
1588,41
1589,0.0000375
1590,97
1591,345600
1592,108
1593,1400
1594,30
1595,-64
1596,4.8
1597,22.07%
1598,12
1599,28
1600,24
1601,2
1602,10
1603,800
1604,30
1605,2
1606,1512
1607,420
1608,10
1609,12
1610,5024
1611,5024
1612,781.82
1613,514.2
1614,37.68
1615,52
1616,553
1617,20
1618,60
1619,504
1620,45
1621,210
1622,63.525
1623,120
1624,20
1625,368.26
1626,7
1627,250
1628,0.625
1629,10
1630,625
1631,14
1632,4
1633,3
1634,85
1635,720
1636,31
1637,2
1638,96
1639,1
1640,84
1641,176
1642,280
1643,720
1644,123.6
1645,50
1646,4
1647,40
1648,27
1649,15
1650,1770
1651,2.5
1652,148
1653,15
1654,92%
1655,2
1656,0.72
1657,30
1658,60
1659,200000
1660,81
1661,4
1662,6
1663,20
1664,1600
1665,3
1666,38
1667,110
1668,375
1669,0.37
1670,0.73
1671,15
1672,1680
1673,32
1674,50
1675,16
1676,45
1677,1
1678,4
1679,9212
1680,5
1681,3200
1682,142
1683,667
1684,2
1685,24
1686,121.5
1687,3
1688,200
1689,150
1690,1120
1691,4000000
1692,1.5
1693,45
1694,37.68
1695,72
1696,10000
1697,1
1698,45
1699,3
1700,10
1701,5
1702,22.45
1703,1
1704,3
1705,1.25
1706,8/9
1707,17
1708,5
1709,1.5
1710,030
1711,0.000034
1712,0.000066
1713,37
1714,4
1715,9
1716,3
1717,400
1718,15
1719,720
1720,5
1721,1
1722,6
1723,2.67
1724,58
1725,22
1726,177.5
1727,4
1728,10
1729,360
1730,6
1731,15
1732,156
1733,37.5
1734,25
1735,40
1736,420
1737,130
1738,573.33
1739,520
1740,27
1741,60
1742,54
1743,1380
1744,15
1745,24
1746,80
1747,1
1748,0
1749,19200
1750,114
1751,145
1752,7
1753,1.74
1754,27
1755,45
1756,1
1757,300
1758,360
1759,52
1760,17
1761,192
1762,123
1763,5
1764,1
1765,300
1766,51
1767,25
1768,36
1769,8
1770,3
1771,251
1772,350
1773,329
1774,4
1775,73.04
1776,800
1777,250
1778,1620
1779,1030
1780,50
1781,9
1782,1175
1783,1800
1784,69
1785,2
1786,9
1787,6
1788,680
1789,6
1790,600
1791,2250
1792,20
1793,460
1794,5
1795,22
1796,5
1797,230
1798,24
1799,500
1800,4
1801,1
1802,3360
1803,876
1804,500
1805,15.7
1806,7200
1807,24
1808,576
1809,8
1810,660
1811,8
1812,314
1813,3750
1814,7
1815,45
1816,10
1817,20
1818,102
1819,72
1820,7040
1821,54
1822,2
1823,10
1824,3892.4
1825,655
1826,5
1827,112
1828,140
1829,110.5
1830,40
1831,3
1832,960
1833,5888
1834,272
1835,62
1836,2685
1837,60
1838,1300
1839,4
1840,120
1841,2
1842,3
1843,4
1844,11.2
1845,-48
1846,25
1847,702
1848,9
1849,3000
1850,818
1851,155.8
1852,35
1853,1925
1854,6
1855,12
1856,1200
1857,1845000
1858,18
1859,3.14
1860,180
1861,3
1862,96
1863,12
1864,7
1865,10
1866,1210
1867,5
1868,7
1869,6720
1870,630
1871,30
1872,5400
1873,32
1874,10
1875,11
1876,24
1877,120
1878,630
1879,368
1880,3.14
1881,7.35
1882,6
1883,3888
1884,136
1885,8.8
1886,20
1887,19
1888,960
1889,3
1890,16
1891,4%
1892,54
1893,113
1894,100
1895,406.8
1896,4
1897,3
1898,3
1899,-48
1900,9
1901,40
1902,36
1903,1.875
1904,7.94
1905,288
1906,8400
1907,888
1908,27
1909,12.28
1910,2.7
1911,1469
1912,12
1913,9
1914,0.148
1915,108
1916,36
1917,11
1918,17
1919,96
1920,60
1921,616
1922,10
1923,5106
1924,15
1925,48
1926,10
1927,14.4
1928,2.25
1929,1000.4
1930,32
1931,400
1932,160
1933,75
1934,0
1935,3
1936,2160
1937,3.4712
1938,11
1939,400
1940,100
1941,0.8
1942,1
1943,2000
1944,6.33
1945,239
1946,4840
1947,350
1948,48
1949,40
1950,80%
1951,9.7
1952,4
1953,5.8
1954,8
1955,4845
1956,2
1957,248
1958,100.53
1959,366
1960,16
1961,0.032
1962,3740
1963,40000
1964,380.64
1965,3
1966,108
1967,120
1968,31.4
1969,40
1970,179
1971,4.1
1972,360
1973,25.12
1974,6
1975,42
1976,10
1977,7.5
1978,180
1979,1.6
1980,3750
1981,90
1982,648
1983,25
1984,6
1985,42
1986,100
1987,13.5
1988,-15
1989,31
1990,201
1991,13
1992,14955
1993,427.5
1994,56
1995,460.5
1996,0.203
1997,18
1998,1
1999,1.6
2000,1
2001,168
2002,22
2003,9
2004,1280
2005,99
2006,260
2007,885
2008,900
2009,621
2010,50
2011,45
2012,200
2013,20
2014,6
2015,27
2016,241.8
2017,0.2
2018,2.4
2019,300
2020,130
2021,1
2022,1200
2023,400
2024,150
2025,48.06
2026,20
2027,2160
2028,4
2029,15%
2030,4
2031,5
2032,63
2033,10
2034,6600
2035,2300
2036,648
2037,360
2038,384
2039,4
2040,2
2041,12.25
2042,1
2043,5
2044,4
2045,4
2046,240
2047,30
2048,7
2049,20
2050,2025
2051,1111
2052,216
2053,748.8
2054,20
2055,75.36
2056,14
2057,150/3
2058,15
2059,42750
2060,500
2061,41
2062,5200
2063,29.2
2064,-1.5
2065,40
2066,000
2067,32
2068,16
2069,315
2070,4
2071,270
2072,3
2073,96
2074,3276
2075,30.75
2076,60
2077,4
2078,400
2079,2000
2080,2.9
2081,23
2082,35
2083,2.4
2084,3750
2085,80
2086,942
2087,54
2088,-0.7
2089,1740
2090,112
2091,108
2092,8
2093,900
2094,672
2095,152
2096,31.4
2097,0.36
2098,10
2099,1.3
2100,780
2101,2
2102,25
2103,1.256
2104,96
2105,43
2106,32
2107,100.48
2108,1560
2109,4520
2110,310
2111,120
2112,32
2113,20.64
2114,5
2115,85
2116,6
2117,200
2118,78.54
2119,84
2120,15
2121,3
2122,50.24
2123,2
2124,0.60
2125,1
2126,1830
2127,90
2128,268
2129,80
2130,2
2131,300
2132,15
2133,3720
2134,7
2135,78.1
2136,22
2137,65
2138,14
2139,48
2140,3.5
2141,12
2142,10
2143,12
2144,0.4
2145,9
2146,1296
2147,0.12
2148,1.125
2149,1.5
2150,5.652
2151,131.88
2152,3.33
2153,10.9
2154,241
2155,2
2156,-600
2157,120
2158,42
2159,45.216
2160,0.8
2161,480
2162,732
2163,48
2164,22
2165,1.81
2166,11904
2167,470
2168,109
2169,27.5
2170,2
2171,40
2172,32.5%
2173,11278
2174,6
2175,33.33%
2176,6500%
2177,17
2178,500
2179,11
2180,1
2181,3000
2182,143
2183,8
2184,1710
2185,100
2186,40.33
2187,-432
2188,896
2189,300
2190,270
2191,8
2192,30
2193,3912
2194,0
2195,3400
2196,24
2197,4
2198,50240
2199,13
2200,180
2201,30
2202,1800
2203,11400
2204,7
2205,2
2206,28.68
2207,9
2208,35
2209,245
2210,496
2211,5
2212,165
2213,60
2214,1.54
2215,1
2216,1
2217,916
2218,10
2219,13
2220,10890
2221,2625
2222,475
2223,15
2224,7.85
2225,62.5
2226,2
2227,80
2228,18.8
2229,2000
2230,75.12
2231,4
2232,3.5
2233,18
2234,1.07
2235,2.04
2236,18
2237,130
2238,36
2239,1666
2240,1
2241,1501.5
2242,2048
2243,100
2244,60
2245,1.8
2246,7
2247,121
2248,4.5
2249,2000
2250,300
2251,80
2252,66
2253,24
2254,1440
2255,36
2256,75
2257,5875
2258,32
2259,10
2260,50
2261,16%
2262,22%
2263,4.2
2264,2
2265,105
2266,232
2267,22.5
2268,26
2269,8
2270,1.02
2271,120
2272,84
2273,23
2274,5
2275,120
2276,1053
2277,320
2278,10
2279,1.92
2280,45
2281,6
2282,3000
2283,1190
2284,3600
2285,42
2286,88
2287,10
2288,12
2289,0
2290,100
2291,21.25
2292,45
2293,2
2294,48
2295,48.12
2296,72
2297,5
2298,15.7
2299,31.4
2300,24
2301,3
2302,4500
2303,1
2304,10
2305,0.4
2306,28
2307,233
2308,14
2309,8
2310,8
2311,5
2312,2
2313,4500
2314,5250
2315,6
2316,0
2317,2
2318,14.4
2319,192
2320,18
2321,14.4
2322,48
2323,26
2324,75
2325,900
2326,1537
2327,1120
2328,90
2329,13
2330,60
2331,0
2332,5
2333,4200
2334,7.8
2335,1.5
2336,12
2337,5
2338,110
2339,4
2340,3
2341,1520
2342,14.4
2343,53
2344,1/30
2345,26
2346,156
2347,12
2348,48
2349,327
2350,1080
2351,200
2352,3
2353,24
2354,9
2355,4
2356,7
2357,13
2358,33.33
2359,13
2360,0.625
2361,13
2362,4.48
2363,8
2364,476
2365,330
2366,90
2367,4.14
2368,2
2369,4
2370,-0.35
2371,7
2372,1.13
2373,270
2374,48
2375,396
2376,12
2377,43
2378,11
2379,3.8
2380,30
2381,24
2382,2
2383,3500
2384,440
2385,19
2386,56
2387,930
2388,14
2389,1.5
2390,72
2391,120
2392,210
2393,150
2394,1.4
2395,5
2396,83
2397,58
2398,1260
2399,1.25
2400,2.55
2401,1
2402,0.002
2403,20
2404,70
2405,24
2406,80
2407,7.8
2408,100
2409,108
2410,6
2411,12
2412,5
2413,4
2414,18
2415,84
2416,3.14
2417,0
2418,50
2419,20
2420,100
2421,400
2422,6
2423,3
2424,4.0625
2425,60
2426,24
2427,6
2428,50
2429,10.8
2430,30
2431,-1
2432,15
2433,8
2434,120
2435,6
2436,10
2437,716
2438,20
2439,8
2440,12
2441,289
2442,36
2443,18
2444,22.45
2445,16
2446,75
2447,280
2448,14
2449,38000
2450,1650
2451,30
2452,34.64
2453,3
2454,22
2455,24
2456,11
2457,11
2458,0.2
2459,2500
2460,45
2461,6
2462,3
2463,34
2464,0.85
2465,105
2466,25.12
2467,0.02
2468,15
2469,2
2470,64
2471,44
2472,13
2473,2000000000
2474,30000000
2475,2
2476,25
2477,5
2478,25
2479,60
2480,17
2481,72
2482,600
2483,4
2484,384.6
2485,600
2486,15158.11
2487,3814
2488,0
2489,8
2490,180
2491,64
2492,12
2493,2
2494,80
2495,98
2496,25
2497,20000
2498,1/4
2499,1
2500,115.3
2501,6.7
2502,385
2503,16
2504,65%
2505,2
2506,4.44
2507,11.67
2508,1
2509,72
2510,1500
2511,2
2512,7630
2513,12
2514,2.6
2515,40
2516,5.83
2517,15.072
2518,2
2519,100
2520,207
2521,5840
2522,9.85
2523,4
2524,2
2525,352.8
2526,7
2527,3
2528,31.5
2529,66
2530,12
2531,47
2532,-10
2533,7
2534,6
2535,3
2536,800
2537,108
2538,0.4
2539,216
2540,105
2541,8
2542,9
2543,2
2544,900
2545,18
2546,22
2547,200
2548,3
2549,22
2550,4
2551,5
2552,20
2553,12.5%
2554,11.5
2555,-294.5
2556,98
2557,800
2558,6
2559,4
2560,92.67%
2561,5
2562,9.2
2563,144
2564,8
2565,120
2566,140
2567,3.14
2568,0.2
2569,720
2570,-420
2571,2842
2572,8
2573,3
2574,15
2575,4.5
2576,30
2577,42.5
2578,15
2579,2160.00
2580,2
2581,12
2582,13
2583,43
2584,8
2585,1000
2586,50
2587,34
2588,42
2589,1
2590,1.5
2591,25
2592,45
2593,113
2594,120
2595,400
2596,2
2597,7.65
2598,43.2
2599,48
2600,125
2601,3360
2602,58200
2603,3.24
2604,16
2605,54
2606,16
2607,400
2608,6.4
2609,20
2610,1
2611,12.56
2612,1364
2613,5625
2614,40
2615,26
2616,522.2
2617,1800
2618,7.90
2619,2
2620,95.83%
2621,0.2
2622,1/11
2623,17
2624,4
2625,12.25
2626,16
2627,3
2628,183.3
2629,2000
2630,-0.36
2631,0.0012
2632,1
2633,1.33
2634,0.6
2635,60
2636,5
2637,25
2638,20
2639,0.5
2640,3
2641,8.76
2642,20
2643,656
2644,312
2645,160
2646,10
2647,51
2648,512
2649,600
2650,3.14
2651,3.14
2652,40.00
2653,300
2654,240
2655,0.25
2656,750
2657,8.5
2658,6
2659,21.9
2660,43.68
2661,100
2662,1120
2663,2.88
2664,363
2665,1440
2666,1
2667,19.5%
2668,7
2669,12
2670,8
2671,80
2672,35
2673,48
2674,35
2675,35
2676,-24
2677,2
2678,9568
2679,100
2680,6.5833
2681,75
2682,0.25
2683,600000000
2684,200000000
2685,2800
2686,5%
2687,2000000
2688,25.5
2689,4
2690,175
2691,5440
2692,2
2693,18
2694,12.2
2695,10
2696,360
2697,880
2698,3
2699,25.03
2700,12
2701,6
2702,1200
2703,10
2704,84
2705,3500
2706,11
2707,24
2708,6
2709,3700
2710,0.00
2711,13
2712,32
2713,720
2714,2
2715,245
2716,1
2717,825
2718,18
2719,8
2720,10850
2721,23
2722,19200
2723,2223
2724,20400
2725,25
2726,15
2727,20
2728,2220
2729,12
2730,139
2731,21
2732,0.4
2733,200
2734,25
2735,100
2736,91
2737,1
2738,30
2739,22
2740,1.5
2741,10
2742,3
2743,17
2744,3
2745,15
2746,973
2747,24
2748,300
2749,384
2750,26
2751,16
2752,1000
2753,5
2754,21
2755,68.57
2756,1.26
2757,275
2758,36.24
2759,17
2760,1999.99
2761,318
2762,360
2763,432
2764,123
2765,20.8
2766,5
2767,3
2768,419
2769,60
2770,10
2771,2.198
2772,24
2773,30
2774,38
2775,24
2776,5
2777,14
2778,0.6
2779,250
2780,12
2781,30
2782,4.05
2783,8
2784,54000
2785,8
2786,220
2787,24
2788,128
2789,12
2790,7
2791,5
2792,36
2793,31
2794,133
2795,100
2796,40.2
2797,20
2798,58
2799,28
2800,21
2801,540
2802,7
2803,700
2804,126
2805,246
2806,160
2807,15
2808,0.75
2809,16
2810,150.72
2811,280
2812,20
2813,22.5
2814,150.72
2815,0.5
2816,56
2817,900
2818,49
2819,120
2820,50.24
2821,130
2822,420
2823,2
2824,15
2825,70
2826,3200
2827,3
2828,100
2829,32
2830,10
2831,17
2832,10
2833,120
2834,348
2835,6
2836,19
2837,0.15
2838,300
2839,0
2840,0.56
2841,10
2842,18
2843,18
2844,10
2845,2
2846,240
2847,12
2848,20
2849,1128
2850,9
2851,16
2852,100
2853,2500
2854,16.875
2855,10%
2856,70
2857,28
2858,630
2859,10
2860,5500
2861,308
2862,7
2863,5.774
2864,448
2865,16
2866,9
2867,100
2868,1
2869,1000
2870,74
2871,15
2872,1100
2873,3
2874,50.24
2875,750
2876,6
2877,35%
2878,910
2879,32
2880,5
2881,910
2882,96%
2883,120
2884,1.33
2885,-7.2
2886,7.5
2887,6
2888,1380
2889,40
2890,1610
2891,270
2892,1.6
2893,3
2894,320
2895,3
2896,5
2897,23
2898,4200
2899,2250
2900,100
2901,352
2902,53
2903,9
2904,15
2905,132
2906,13.8
2907,1200
2908,50.24
2909,180
2910,19
2911,12
2912,505
2913,132
2914,4
2915,32
2916,16
2917,37.68
2918,55
2919,661
2920,164
2921,24
2922,8
2923,6600
2924,1.25
2925,4
2926,40
2927,12
2928,558
2929,32
2930,132
2931,10
2932,2000
2933,6
2934,12
2935,1
2936,50
2937,78.5
2938,5
2939,111.2
2940,27000
2941,326
2942,3
2943,138
2944,12
2945,3
2946,86
2947,100
2948,64
2949,1
2950,34
2951,5.7
2952,12
2953,4
2954,3
2955,154.5
2956,18
2957,4
2958,60
2959,9
2960,12
2961,28.275
2962,200
2963,60
2964,4
2965,40
2966,6
2967,1020
2968,0.6
2969,-75
2970,1.34
2971,74.2
2972,60
2973,25
2974,8
2975,12
2976,7.9
2977,125.6
2978,180
2979,0.4
2980,31.5
2981,94.6%
2982,10
2983,100
2984,200
2985,115
2986,1.9
2987,20
2988,100
2989,13
2990,5.6
2991,1.44
2992,5
2993,733.33
2994,1400
2995,8
2996,161
2997,115
2998,2.27
2999,35
3000,20
3001,84
3002,1450
3003,188.4
3004,0.2066
3005,2.857
3006,22
3007,35
3008,1890
3009,0.2592
3010,3
3011,2
3012,24
3013,167
3014,60
3015,5.56
3016,-9
3017,800
3018,100
3019,90
3020,350
3021,0
3022,640
3023,1200
3024,15
3025,90
3026,16
3027,39200
3028,2
3029,17.28
3030,18
3031,742
3032,110
3033,3.6
3034,8
3035,30
3036,140
3037,7.10
3038,14.83%
3039,0.675
3040,10
3041,1
3042,20
3043,144
3044,128
3045,15
3046,37.4
3047,1575
3048,8
3049,11
3050,8.5
3051,144
3052,108
3053,20
3054,9
3055,45
3056,400
3057,12
3058,375
3059,542.4
3060,850
3061,824
3062,5
3063,9
3064,100
3065,50
3066,960
3067,54
3068,140
3069,-1000
3070,120
3071,3540
3072,0.5
3073,104
3074,4.3
3075,200
3076,25
3077,4840
3078,72
3079,45
3080,57
3081,56
3082,40
3083,0.50
3084,12
3085,18
3086,280
3087,1
3088,60
3089,1331
3090,98%
3091,288
3092,18
3093,60
3094,7.25
3095,146.8
3096,6.5
3097,120
3098,2
3099,3
3100,2.18
3101,314.16
3102,200
3103,24
3104,9
3105,15
3106,45
3107,825
3108,50
3109,2.9
3110,0.5
3111,360
3112,192
3113,160
3114,470
3115,0.8
3116,2357.14
3117,240
3118,1
3119,45
3120,-8.84
3121,252
3122,3150
3123,9
3124,108
3125,160
3126,1100
3127,2
3128,5
3129,400
3130,3250
3131,24
3132,3.14
3133,8.5
3134,15
3135,300
3136,146.08
3137,2
3138,640
3139,10
3140,-2.5%
3141,12000
3142,7
3143,3
3144,8
3145,67
3146,6
3147,25
3148,1.1
3149,600
3150,20
3151,18
3152,21
3153,30
3154,27.8
3155,0
3156,0
3157,0
3158,120
3159,4
3160,2000
3161,35
3162,1728
3163,25%
3164,1.44
3165,64
3166,135
3167,2
3168,93
3169,7
3170,20
3171,40
3172,32
3173,15
3174,126
3175,140
3176,1791
3177,41
3178,624
3179,52
3180,2700
3181,86.3
3182,5.6
3183,1.7
3184,1440
3185,180
3186,5.5
3187,121
3188,807
3189,3
3190,72
3191,255
3192,161
3193,45
3194,720
3195,30
3196,13
3197,6400
3198,1800
3199,465
3200,70
3201,96
3202,3600
3203,48
3204,31
3205,4.5
3206,350
3207,149.2
3208,93
3209,85
3210,120
3211,11.14
3212,16
3213,8
3214,9
3215,75
3216,600
3217,800
3218,24
3219,130
3220,11
3221,4
3222,15
3223,340
3224,360
3225,175
3226,160
3227,3
3228,15
3229,8
3230,2520
3231,384
3232,360
3233,103
3234,49
3235,2540
3236,864
3237,3.25
3238,175
3239,85
3240,63
3241,9900
3242,1158
3243,476
3244,1600
3245,50
3246,1820
3247,93
3248,1880
3249,3600
3250,280
3251,6
3252,300
3253,1200
3254,30
3255,6
3256,25
3257,3
3258,8
3259,4
3260,1692
3261,8
3262,4
3263,24
3264,3
3265,7
3266,8
3267,480
3268,10
3269,186
3270,225
3271,24
3272,27
3273,8
3274,75
3275,336
3276,180
3277,35
3278,305
3279,625
3280,784
3281,5000
3282,6
3283,190
3284,1208
3285,5.04
3286,11
3287,9
3288,53
3289,5400
3290,250
3291,37
3292,120
3293,9
3294,45
3295,29
3296,86
3297,200
3298,1000
3299,105
3300,13
3301,27
3302,228
3303,109
3304,99
3305,11
3306,447
3307,477
3308,103
3309,39
3310,112
3311,660
3312,84
3313,9
3314,31
3315,7
3316,63
3317,315
3318,362
3319,8
3320,220
3321,54
3322,605
3323,21
3324,7680
3325,60
3326,200
3327,8250
3328,1425
3329,32
3330,80
3331,90
3332,250
3333,1440
3334,525
3335,90
3336,203
3337,31
3338,448
3339,576
3340,200
3341,720
3342,95
3343,4
3344,569
3345,5
3346,100
3347,15
3348,1200
3349,180
3350,32
3351,13
3352,13
3353,48
3354,39
3355,2600
3356,784
3357,130
3358,60
3359,86
3360,110
3361,220
3362,204
3363,42
3364,35
3365,-40
3366,14
3367,300
3368,9
3369,10
3370,13500
3371,0
3372,1052
3373,2640
3374,1
3375,100
3376,12
3377,910
3378,300
3379,256
3380,27
3381,1043
3382,54
3383,12672
3384,1122
3385,84
3386,25
3387,15
3388,24
3389,25
3390,98
3391,432
3392,960
3393,60
3394,40
3395,130
3396,24
3397,25
3398,60
3399,100
3400,845
3401,90
3402,15
3403,52
3404,-30
3405,46
3406,214
3407,200
3408,44
3409,24
3410,1
3411,6
3412,216
3413,4185
3414,361.45
3415,207
3416,5
3417,4.8
3418,64
3419,1294
3420,52
3421,675
3422,690
3423,8010
3424,1764
3425,3
3426,6240
3427,436
3428,16
3429,0.84
3430,13
3431,38
3432,1907
3433,7
3434,131
3435,2
3436,60
3437,3
3438,15
3439,87
3440,0.72
3441,14300
3442,2
3443,8.4
3444,60450
3445,279
3446,700
3447,40
3448,30
3449,96
3450,1400
3451,172
3452,5200
3453,87
3454,18
3455,98
3456,22
3457,5.32
3458,-120
3459,20
3460,138
3461,3
3462,15
3463,1.008
3464,2
3465,3
3466,180
3467,180
3468,-58
3469,430
3470,10.8
3471,3
3472,6.6
3473,1000
3474,60
3475,7.90
3476,23
3477,25
3478,8
3479,625
3480,360
3481,144
3482,33.33
3483,126
3484,800
3485,48
3486,12.5
3487,72
3488,288
3489,150
3490,12.5
3491,192
3492,10
3493,8.82
3494,10
3495,15
3496,5
3497,6
3498,0.2
3499,6
3500,8
3501,16
3502,100
3503,800
3504,4
3505,3120
3506,108
3507,65
3508,275
3509,12.8
3510,300
3511,420
3512,50
3513,1875
3514,-682.5
3515,5760
3516,352
3517,6
3518,25
3519,3500
3520,192
3521,8
3522,24
3523,6
3524,33
3525,262.5
3526,150
3527,150
3528,314
3529,58
3530,4
3531,12
3532,2.3
3533,358
3534,20
3535,1
3536,39
3537,6
3538,32
3539,276
3540,50
3541,2400
3542,816
3543,2600
3544,1
3545,5
3546,1/12
3547,494
3548,528
3549,2000
3550,9
3551,25
3552,4.29
3553,5400
3554,205
3555,204
3556,316
3557,-172
3558,25
3559,0.81
3560,428
3561,1720
3562,840
3563,9
3564,3800
3565,175
3566,32
3567,855
3568,1488
3569,0.3
3570,12
3571,6
3572,8
3573,35
3574,42
3575,220
3576,9
3577,12
3578,24
3579,2
3580,3960
3581,80
3582,38
3583,114.75
3584,337.5
3585,40
3586,40
3587,5580
3588,6480
3589,84
3590,4500
3591,68
3592,57.6
3593,15
3594,15
3595,1215
3596,175
3597,1.6
3598,23
3599,64
3600,154
3601,89600
3602,74
3603,667
3604,1500
3605,640
3606,40
3607,4
3608,20
3609,30
3610,6
3611,25
3612,632.2
3613,81
3614,945
3615,16
3616,480
3617,112
3618,2.56
3619,10
3620,36
3621,5
3622,450
3623,120
3624,3
3625,250
3626,102
3627,32
3628,1080
3629,3
3630,100
3631,920
3632,660
3633,100
3634,3575
3635,125
3636,560
3637,541
3638,14
3639,300
3640,166
3641,6
3642,108
3643,370
3644,21.05
3645,23
3646,18
3647,2450
3648,3
3649,690
3650,20
3651,3
3652,48
3653,250
3654,168
3655,56
3656,119
3657,1035
3658,70
3659,982
3660,24
3661,6300
3662,1.33
3663,48
3664,46
3665,566
3666,98
3667,105
3668,485
3669,1680
3670,645
3671,1440
3672,1
3673,100
3674,16.9
3675,640
3676,1890
3677,0
3678,12
3679,5880
3680,10080
3681,870
3682,64
3683,6
3684,7.5
3685,25
3686,1536
3687,400
3688,1000
3689,384
3690,300
3691,2
3692,8
3693,38
3694,1144
3695,504
3696,10
3697,3
3698,25
3699,208
3700,632
3701,390
3702,880
3703,4
3704,1350
3705,4
3706,4500
3707,168
3708,25
3709,44
3710,1.67
3711,204
3712,10
3713,50
3714,15
3715,1900
3716,10000
3717,513
3718,12
3719,1368
3720,12
3721,28
3722,355
3723,72
3724,625
3725,7
3726,2
3727,0.1
3728,12
3729,15
3730,1250
3731,84
3732,200
3733,68
3734,534
3735,1000
3736,17.8333
3737,3800
3738,2112
3739,14000
3740,429
3741,650
3742,104
3743,2970
3744,100
3745,450
3746,212
3747,7
3748,300
3749,30
3750,2712
3751,840
3752,200
3753,288
3754,1176
3755,360
3756,131
3757,52
3758,3360
3759,5000
3760,261
3761,96
3762,50
3763,2
3764,420
3765,11
3766,8
3767,2210
3768,300
3769,1
3770,55
3771,2160
3772,108
3773,7
3774,600
3775,12
3776,20000
3777,1032
3778,76175
3779,1
3780,552
3781,15
3782,11
3783,125
3784,15
3785,80
3786,23800
3787,68
3788,414
3789,579
3790,0.65
3791,928
3792,126
3793,65
3794,290
3795,93.6
3796,23.23
3797,4
3798,102
3799,763
3800,1000
3801,27
3802,8020
3803,3
3804,7
3805,84
3806,209.875
3807,500
3808,54
3809,-13
3810,420
3811,144
3812,60
3813,110
3814,900
3815,24
3816,91
3817,15
3818,20
3819,36
3820,10850
3821,40
3822,36
3823,20
3824,120
3825,6
3826,36
3827,1
3828,2160
3829,1770
3830,175.2
3831,43.2
3832,112000
3833,14
3834,6
3835,60
3836,21
3837,8
3838,45
3839,3090
3840,81
3841,232
3842,192
3843,3767
3844,10
3845,6
3846,7
3847,576
3848,15
3849,5850
3850,90
3851,4096
3852,40
3853,54
3854,2520
3855,1250
3856,96
3857,216
3858,455
3859,75
3860,960
3861,96
3862,140
3863,1440
3864,468
3865,3800
3866,1680
3867,400
3868,368
3869,5000
3870,200
3871,40
3872,28
3873,2400
3874,2.77
3875,5760
3876,54
3877,120
3878,746
3879,28.57
3880,10.24
3881,2
3882,24
3883,36
3884,58
3885,5250
3886,21.6
3887,84
3888,168
3889,1200
3890,144
3891,2
3892,1.62
3893,108
3894,100
3895,144
3896,270
3897,9
3898,12
3899,60
3900,40
3901,36
3902,3
3903,2800
3904,2
3905,63
3906,156
3907,168
3908,25
3909,0.36
3910,410
3911,6
3912,91
3913,140
3914,884
3915,4308
3916,420
3917,10
3918,3360
3919,312
3920,28
3921,610
3922,2100
3923,8
3924,775
3925,10
3926,7
3927,240
3928,225
3929,600
3930,6
3931,2.04
3932,2400
3933,-4.4
3934,95
3935,1
3936,1680
3937,13.5
3938,651
3939,9720
3940,396
3941,1247
3942,6
3943,768
3944,32.6
3945,5.33
3946,204
3947,1.2
3948,40
3949,10
3950,5175
3951,420
3952,10
3953,324
3954,462
3955,12800
3956,713
3957,36
3958,6
3959,16
3960,30
3961,18
3962,1
3963,375
3964,437
3965,1
3966,4
3967,27
3968,288
3969,6
3970,34.6
3971,0
3972,84
3973,54
3974,60
3975,40
3976,1
3977,20
3978,20
3979,10
3980,1
3981,14
3982,40
3983,6
3984,21
3985,3
3986,51
3987,1.5
3988,3.84
3989,1.6
3990,1260
3991,10
3992,31600
3993,10
3994,12.5
3995,53
3996,9
3997,46
3998,600
3999,20
4000,50
4001,19
4002,1545
4003,1744
4004,2402
4005,50
4006,58
4007,22
4008,100
4009,160
4010,160
4011,0.5
4012,192
4013,15.9
4014,210
4015,40
4016,20
4017,706
4018,6
4019,18.6
4020,17
4021,6.85
4022,-60
4023,230
4024,173
4025,200
4026,302
4027,156
4028,50
4029,0
4030,8
4031,18
4032,100
4033,960
4034,1
4035,592
4036,4
4037,54.495
4038,1840
4039,35.5
4040,29.3
4041,500
4042,50
4043,800
4044,1
4045,320
4046,2400
4047,2500
4048,88
4049,48
4050,3
4051,42
4052,300
4053,18
4054,0.00005
4055,0.33
4056,30
4057,250
4058,234
4059,30
4060,1280
4061,1403
4062,2880
4063,323
4064,1
4065,68
4066,188
4067,280
4068,20
4069,1008
4070,0.7
4071,750
4072,54
4073,286
4074,1400
4075,182
4076,3
4077,5
4078,91
4079,32
4080,60
4081,880
4082,965
4083,1712
4084,10
4085,180
4086,122
4087,206
4088,1200
4089,10
4090,48
4091,930
4092,46
4093,120
4094,9600
4095,3284
4096,2
4097,102
4098,43.56
4099,2040
4100,120
4101,1
4102,800
4103,80
4104,65
4105,1600
4106,10
4107,624
4108,61
4109,29.1
4110,8
4111,5
4112,5
4113,37
4114,23760
4115,90
4116,8
4117,2
4118,120
4119,690
4120,25
4121,5
4122,42
4123,44
4124,11
4125,30
4126,300000
4127,1120
4128,98
4129,3.21
4130,1
4131,642
4132,1095
4133,26.2
4134,380
4135,10.9
4136,456
4137,2
4138,3
4139,0.0404
4140,42
4141,520
4142,1920
4143,675
4144,55
4145,2800
4146,15
4147,48
4148,565
4149,1163
4150,214
4151,30
4152,1
4153,504
4154,837
4155,10
4156,0.95
4157,318
4158,25
4159,449
4160,1
4161,80
4162,0.2
4163,0
4164,96.67
4165,432
4166,97
4167,40
4168,15
4169,10
4170,1728
4171,91.875
4172,48
4173,28800
4174,1728
4175,16
4176,28
4177,4
4178,290
4179,27.5
4180,40080
4181,6500
4182,0
4183,169
4184,120
4185,10.6
4186,10
4187,162
4188,2
4189,2
4190,9
4191,10.05
4192,100
4193,6
4194,100%
4195,2
4196,100
4197,2
4198,50.24
4199,49
4200,36
4201,3
4202,1.3
4203,160
4204,0.63
4205,18750
4206,9
4207,610
4208,130
4209,20
4210,10670
4211,42
4212,160
4213,12
4214,-260
4215,12
4216,4
4217,17
4218,22
4219,42
4220,10
4221,2.828
4222,24
4223,384
4224,32
4225,8
4226,3480
4227,0
4228,1
4229,0.25
4230,3
4231,-32
4232,2
4233,12.5%
4234,14
4235,48
4236,28
4237,43.2
4238,2
4239,33
4240,90
4241,30
4242,196
4243,200
4244,62
4245,640
4246,700
4247,36
4248,-440
4249,6
4250,12
4251,27
4252,900
4253,3.60
4254,4000000
4255,3.76
4256,30.23
4257,2
4258,180
4259,2
4260,5
4261,822
4262,34
4263,18
4264,168
4265,8
4266,0.9
4267,56
4268,30.5
4269,25.7
4270,4
4271,46
4272,24
4273,63
4274,48
4275,540
4276,0
4277,140
4278,20
4279,5552
4280,306
4281,123.86
4282,45
4283,50
4284,27
4285,1
4286,4
4287,8100
4288,42
4289,514560
4290,4
4291,2
4292,11
4293,5855
4294,75
4295,144
4296,64
4297,458
4298,1
4299,60
4300,7
4301,11.857
4302,1440
4303,17.5
4304,220
4305,200/3
4306,48
4307,1
4308,20.5
4309,12
4310,5593.75
4311,3150
4312,30
4313,48
4314,20%
4315,10%
4316,105
4317,3.5
4318,38
4319,20
4320,187
4321,4
4322,255
4323,20
4324,9
4325,47.1
4326,50.06
4327,12
4328,60
4329,0.62
4330,0.128
4331,2606
4332,15
4333,2
4334,342
4335,474
4336,15
4337,112
4338,32
4339,64
4340,0.83%
4341,420
4342,2.67
4343,0
4344,33
4345,161.7
4346,40%
4347,25.4
4348,25%
4349,350
4350,4.066
4351,1.5
4352,6
4353,16
4354,2.5
4355,3
4356,3
4357,30
4358,0.26
4359,18
4360,3.14
4361,12
4362,3
4363,10
4364,2250
4365,1.33
4366,6
4367,3/5
4368,3000
4369,1.52
4370,14
4371,2
4372,16
4373,30
4374,8
4375,5
4376,19
4377,126
4378,15
4379,18
4380,2
4381,100
4382,3
4383,45
4384,284
4385,1
4386,140
4387,6.2
4388,150
4389,15
4390,-8
4391,28
4392,10.5
4393,3.2
4394,18
4395,3200
4396,9600
4397,1/1
4398,1
4399,7
4400,10
4401,253.33
4402,7
4403,2.5
4404,0
4405,20
4406,29
4407,16.8
4408,13
4409,6
4410,366
4411,1
4412,7
4413,426
4414,384
4415,0.0417
4416,21.25
4417,80
4418,250
4419,270
4420,7.2
4421,75
4422,3
4423,4950
4424,2
4425,2400
4426,12600
4427,12.6
4428,125.6
4429,2
4430,3
4431,20
4432,1/12
4433,2560
4434,59.25
4435,2400
4436,10
4437,20
4438,4
4439,3.14
4440,10
4441,400
4442,4%
4443,471.25
4444,330
4445,3
4446,6
4447,160
4448,20
4449,78.5
4450,16
4451,2
4452,37.68
4453,3
4454,100
4455,12
4456,945000
4457,91
4458,5
4459,10
4460,2
4461,141.3
4462,0.925
4463,2
4464,40
4465,351.16
4466,1.17
4467,15
4468,120
4469,840
4470,4
4471,375
4472,18
4473,2.1
4474,18150
4475,2
4476,0.288
4477,14
4478,6
4479,120
4480,1
4481,216
4482,1361.36
4483,420
4484,120
4485,150
4486,440
4487,2
4488,0.8
4489,12.56
4490,314
4491,0.9
4492,60
4493,2
4494,110
4495,3
4496,6
4497,0
4498,9
4499,12.22
4500,76.5
4501,34.575
4502,6
4503,1260
4504,25
4505,15
4506,30.73
4507,12.56
4508,12.56
4509,3982
4510,35
4511,3140
4512,12
4513,14
4514,3
4515,16
4516,4
4517,1500
4518,1
4519,34
4520,24
4521,9
4522,2700
4523,10.01
4524,-8
4525,2
4526,2
4527,244800
4528,800
4529,1500
4530,0.16
4531,60
4532,5000
4533,1650
4534,0.5
4535,100
4536,2
4537,360
4538,0.5
4539,226.1
4540,2300
4541,0.72
4542,120
4543,28.26
4544,692
4545,3
4546,48
4547,12
4548,1
4549,1202
4550,107.36
4551,28.6%
4552,2.25
4553,2/9
4554,3.13
4555,10
4556,0.064
4557,188.4
4558,-74
4559,100
4560,1
4561,3
4562,0.75
4563,0
4564,5050
4565,3.2
4566,15
4567,15.7
4568,100
4569,96%
4570,20.6
4571,137.82
4572,6.28
4573,750
4574,125.6
4575,3
4576,5
4577,20.0704
4578,3
4579,8800
4580,4
4581,100
4582,60
4583,12
4584,4
4585,2
4586,6.28
4587,4/25
4588,2000
4589,2143
4590,1
4591,16
4592,40
4593,3
4594,25
4595,2.5
4596,27
4597,4
4598,14
4599,209
4600,2
4601,15.38
4602,120
4603,-33.33
4604,2.512
4605,3.14
4606,706.5
4607,159.44
4608,83%
4609,1300
4610,450
4611,1
4612,26.25
4613,62.8
4614,3
4615,3
4616,1.5
4617,7536
4618,240
4619,5
4620,12.57
4621,22%
4622,18
4623,666.67
4624,0.2619
4625,2
4626,14
4627,360
4628,72
4629,1.2
4630,27.60
4631,360
4632,74.24
4633,57.8
4634,29
4635,15
4636,26
4637,0
4638,4.4
4639,28
4640,45
4641,0.215
4642,4.71
4643,60.00
4644,4050
4645,534
4646,157
4647,32
4648,6
4649,195
4650,10
4651,3.24
4652,2400
4653,10.5
4654,1000
4655,3.1
4656,3990
4657,72
4658,20
4659,8.4
4660,153.86
4661,15
4662,301
4663,2
4664,1.5
4665,125.6
4666,1200
4667,7
4668,31
4669,7850
4670,32
4671,251.2
4672,57.6
4673,240
4674,56
4675,3
4676,2
4677,15%
4678,0
4679,-2
4680,84
4681,23
4682,33.33%
4683,16
4684,706.5
4685,432
4686,0.6
4687,180
4688,900
4689,2/9
4690,4.33
4691,3
4692,66.5
4693,2
4694,15.7
4695,3.14
4696,45
4697,-7.17
4698,65
4699,785
4700,25
4701,1
4702,62
4703,1
4704,4
4705,大
4706,75
4707,126
4708,469
4709,6
4710,0.5
4711,273
4712,2
4713,113
4714,113.09
4715,0
4716,50.9
4717,113.04
4718,630
4719,80.75
4720,4
4721,562
4722,596
4723,0.1
4724,3
4725,1
4726,24
4727,20
4728,78.5
4729,585
4730,30.0
4731,0
4732,16250
4733,36
4734,11200
4735,4
4736,3.375
4737,8
4738,1500
4739,1600
4740,200.9
4741,1.5
4742,0
4743,0.5024
4744,650
4745,1
4746,370
4747,42
4748,3
4749,2
4750,6
4751,12
4752,10.04
4753,360
4754,36
4755,1600
4756,0.5
4757,54
4758,1000
4759,13334
4760,38.4
4761,3.8
4762,0.38
4763,6.25
4764,1.22571
4765,90
4766,1884
4767,2000
4768,2229.4
4769,3
4770,31
4771,4
4772,12.607
4773,1950
4774,10.52
4775,20
4776,401.4
4777,11.875
4778,75%
4779,36
4780,18
4781,49.504
4782,12
4783,-10.29
4784,564
4785,1962
4786,600
4787,6
4788,4
4789,7.06
4790,30
4791,530
4792,22219.52
4793,1256
4794,5
4795,27.12
4796,471
4797,36
4798,6
4799,56.52
4800,157
4801,12.56
4802,706
4803,790
4804,-150
4805,286
4806,221
4807,0.00145
4808,3
4809,720
4810,113.04
4811,942
4812,251
4813,50
4814,20
4815,1000
4816,126%
4817,29/40
4818,2.282
4819,410
4820,38
4821,144
4822,4
4823,35
4824,940
4825,0
4826,1920000000/1
4827,1800000
4828,37.68
4829,8
4830,3
4831,1
4832,352
4833,2
4834,1200.5
4835,62
4836,2.2
4837,4
4838,78.5
4839,1
4840,3.14
4841,8
4842,0
4843,60.9
4844,500
4845,400
4846,12
4847,456
4848,696
4849,160
4850,8
4851,11
4852,7.5
4853,353
4854,15
4855,450
4856,30
4857,6
4858,42
4859,1/30
4860,6
4861,157.08
4862,0.25
4863,60.7
4864,6.67
4865,6.28
4866,15
4867,20
4868,945
4869,85
4870,84
4871,4.44
4872,60
4873,753.6
4874,753.6
4875,251.2
4876,314
4877,502.4
4878,192000
4879,1/4
4880,28.26
4881,2
4882,3
4883,5
4884,1/3
4885,39
4886,18
4887,1
4888,41
4889,14
4890,45
4891,46.67
4892,175
4893,-2200
4894,45
4895,6
4896,3
4897,90
4898,10
4899,64
4900,32
4901,14
4902,41
4903,1092
4904,48.24
4905,50.24
4906,20
4907,2
4908,10
4909,75
4910,3
4911,360
4912,113.05
4913,3
4914,5
4915,3
4916,63
4917,36
4918,-3.8
4919,135
4920,5
4921,4952
4922,9.8
4923,37
4924,7
4925,27
4926,2000
4927,1530
4928,80
4929,6
4930,2
4931,18
4932,2000000
4933,1.6
4934,31.5
4935,6.2
4936,38
4937,10
4938,0.82
4939,4
4940,30.72
4941,3
4942,0.5
4943,100
4944,37.5
4945,7
4946,-6.5
4947,2
4948,12
4949,12
4950,28
4951,2
4952,-120
4953,2
4954,6
4955,1/4
4956,37
4957,13
4958,18
4959,50.24
4960,37.68
4961,9
4962,14%
4963,3
4964,9.5
4965,55.57
4966,83
4967,120
4968,52
4969,62
4970,68
4971,45
4972,68
4973,43
4974,18
4975,63
4976,30
4977,18
4978,17
4979,7
4980,56
4981,27
4982,84
4983,68
4984,63
4985,36
4986,2
4987,24
4988,27
4989,72
4990,35
4991,18
4992,4
4993,5
4994,6
4995,28
4996,3
4997,8
4998,84
4999,9
5000,36
5001,27
5002,20
5003,60
5004,78
5005,125
5006,34
5007,23
5008,8
5009,3
5010,74
5011,47
5012,8
5013,5
5014,7
5015,-24
5016,5
5017,2
5018,26
5019,8
5020,8
5021,28
5022,47
5023,6
5024,9
5025,47
5026,81
5027,19
5028,28
5029,20
5030,20
5031,22
5032,44
5033,27
5034,17
5035,10
5036,22
5037,11
5038,38
5039,45
5040,8
5041,4
5042,25
5043,31
5044,41
5045,19
5046,3
5047,3
5048,12
5049,18
5050,13
5051,13
5052,11
5053,15
5054,26
5055,91
5056,35
5057,36
5058,56
5059,56
5060,81
5061,4
5062,55
5063,55
5064,6
5065,18
5066,-30
5067,89
5068,97
5069,80
5070,3
5071,51
5072,88
5073,16
5074,24
5075,57
5076,26
5077,6
5078,42
5079,7
5080,3
5081,6
5082,59
5083,16
5084,6
5085,56
5086,32
5087,24
5088,630
5089,33
5090,33
5091,16
5092,4
5093,23
5094,4
5095,6
5096,8
5097,16
5098,2
5099,27
5100,8
5101,19
5102,9
5103,15
5104,9
5105,18
5106,33
5107,7
5108,19
5109,75
5110,26
5111,21
5112,8
5113,27
5114,38
5115,4000
5116,4
5117,2.1
5118,162.24
5119,4
5120,1
5121,15
5122,1200
5123,6
5124,5906
5125,86
5126,32
5127,22
5128,170
5129,1
5130,12.5
5131,625
5132,264
5133,36
5134,35
5135,30
5136,42
5137,2
5138,6
5139,2
5140,2
5141,12.56
5142,4
5143,1791
5144,2
5145,4
5146,8
5147,8
5148,1
5149,6
5150,1232
5151,41
5152,150
5153,900
5154,14.58
5155,5860
5156,9
5157,2
5158,1000
5159,240
5160,40
5161,45
5162,352
5163,1
5164,444.44
5165,28
5166,24
5167,96
5168,51
5169,153.8
5170,215
5171,78.9768
5172,1.32
5173,675
5174,25
5175,1.5
5176,42.1875
5177,8
5178,100.48
5179,33750
5180,28
5181,7.96
5182,5000
5183,60
5184,1
5185,2
5186,1950
5187,1654
5188,14
5189,2000000000000/10000
5190,2
5191,16
5192,-24
5193,8
5194,3/5
5195,60
5196,13
5197,20
5198,-16
5199,2.7
5200,320
5201,0.048
5202,72
5203,14
5204,27
5205,37.3
5206,5
5207,-300
5208,8.6
5209,1.26
5210,60
5211,75%
5212,2231
5213,30000
5214,20
5215,20
5216,20
5217,2
5218,59.4
5219,65.58
5220,200
5221,23/24
5222,400
5223,64
5224,3
5225,36
5226,75
5227,8
5228,33
5229,2000
5230,80
5231,4
5232,27.3
5233,9.6
5234,3360
5235,560000
5236,880.4
5237,3.14
5238,48
5239,36
5240,1.5
5241,300
5242,600
5243,19.62
5244,9600
5245,64
5246,45
5247,26
5248,100
5249,9
5250,7
5251,20
5252,40
5253,32
5254,15
5255,1.09
5256,5.6
5257,8
5258,0
5259,40
5260,72
5261,345
5262,456
5263,100
5264,0.10
5265,10
5266,10
5267,113.75
5268,540
5269,14
5270,16
5271,-7
5272,12
5273,35
5274,1800
5275,3.43
5276,66.2
5277,177.2
5278,0.52%
5279,4560
5280,0
5281,0.32
5282,24
5283,1710
5284,1.25
5285,160.24
5286,50.2
5287,15.7
5288,40
5289,15
5290,108
5291,36
5292,-23400
5293,38
5294,0.5
5295,360
5296,20
5297,3
5298,12.6
5299,0.014
5300,1
5301,512
5302,120
5303,10
5304,160
5305,646.8
5306,30
5307,92
5308,200
5309,-400
5310,-118.5
5311,1.5
5312,6
5313,2
5314,3.42
5315,4
5316,204
5317,50
5318,160
5319,480
5320,2900
5321,12
5322,48
5323,4.78
5324,43.96
5325,60
5326,50
5327,9
5328,0.5
5329,24770
5330,270
5331,108.08
5332,1
5333,148
5334,9
5335,7200
5336,144
5337,217.43
5338,0.26
5339,50
5340,423
5341,1700
5342,45
5343,480
5344,10.17
5345,0
5346,6
5347,24.44
5348,14
5349,316.67
5350,1920
5351,660
5352,277.6
5353,7000
5354,15
5355,800
5356,12
5357,480
5358,26
5359,9000
5360,2
5361,384
5362,10
5363,40
5364,10
5365,50
5366,0.1
5367,22.5
5368,3.894853147713094
5369,0.628
5370,516
5371,3
5372,4
5373,300
5374,24
5375,25
5376,1.2
5377,5
5378,1500
5379,200
5380,6
5381,11.25
5382,40
5383,2552
5384,210
5385,6
5386,11
5387,640
5388,3
5389,42
5390,5
5391,3
5392,0.9
5393,11
5394,2556
5395,1.6
5396,1000
5397,7600
5398,68
5399,0
5400,65.03
5401,3000
5402,252
5403,155
5404,33
5405,120
5406,2
5407,2.5
5408,2.1
5409,6
5410,30
5411,82.82
5412,25.7
5413,89
5414,5
5415,1040.2
5416,24
5417,2352
5418,0.48
5419,1680
5420,16
5421,1
5422,1
5423,30
5424,1.312
5425,4
5426,0.8
5427,1000
5428,60
5429,900
5430,1
5431,8
5432,4
5433,72.5
5434,0.0000
5435,2
5436,84
5437,216
5438,6
5439,15
5440,384
5441,18
5442,84
5443,48
5444,4.08
5445,0.2
5446,38
5447,2.9
5448,2.7
5449,0.64
5450,6.4
5451,96
5452,300
5453,300
5454,448
5455,24
5456,24
5457,3500
5458,3.14
5459,150
5460,30
5461,31.4
5462,13
5463,69
5464,5
5465,130
5466,2
5467,2
5468,1.36
5469,26.85
5470,0
5471,2040
5472,150000
5473,12
5474,0.4
5475,1
5476,0.4
5477,6
5478,100
5479,18000
5480,20
5481,29
5482,4
5483,1.402
5484,0
5485,13.5
5486,5600000000
5487,7840
5488,121
5489,12
5490,13
5491,131
5492,12
5493,23
5494,120
5495,15
5496,1620
5497,4
5498,1333
5499,3600
5500,839.2
5501,92
5502,9
5503,370
5504,300
5505,10
5506,4.5
5507,450
5508,305
5509,5
5510,0
5511,1020
5512,32
5513,7
5514,190
5515,4
5516,5000
5517,1200
5518,300
5519,5270
5520,32
5521,290
5522,547.5
5523,480
5524,45
5525,4
5526,100
5527,110
5528,223.2
5529,1211
5530,318.89
5531,733.3
5532,3
5533,48
5534,22
5535,131
5536,5300
5537,60240
5538,13000
5539,6
5540,65
5541,1.25
5542,161
5543,428
5544,5
5545,18
5546,0.1888
5547,24
5548,20
5549,720
5550,900
5551,47955
5552,1560
5553,4
5554,3
5555,1650
5556,96
5557,69
5558,1
5559,100
5560,2.4
5561,150
5562,3600
5563,36
5564,1
5565,1
5566,11.06
5567,45
5568,20
5569,30
5570,3.2
5571,1
5572,221
5573,260250
5574,160
5575,15
5576,10
5577,8.28
5578,1.2
5579,9.33
5580,40.8
5581,32
5582,128.4
5583,1120
5584,120
5585,7.90
5586,65
5587,420
5588,360
5589,4
5590,1.5
5591,3600
5592,195
5593,080
5594,0.4
5595,0.17
5596,396.5
5597,85
5598,1.64
5599,5400
5600,160
5601,000
5602,240
5603,8.75
5604,8
5605,92.5
5606,4540
5607,7
5608,120
5609,1000
5610,30
5611,26
5612,42000
5613,6509
5614,0
5615,1
5616,1
5617,151200
5618,80.686
5619,117
5620,0
5621,12560
5622,66.725
5623,2
5624,28
5625,50
5626,200
5627,280
5628,9
5629,64
5630,250
5631,1153
5632,32.59
5633,2700
5634,20
5635,471
5636,300
5637,2826
5638,30
5639,0
5640,10%
5641,101.2
5642,9.375
5643,30
5644,9
5645,144
5646,33
5647,113.04
5648,6.25
5649,10
5650,5/2
5651,9.42
5652,600
5653,375
5654,200
5655,105
5656,500
5657,3
5658,130.00
5659,60
5660,3
5661,8
5662,140
5663,5
5664,2.34
5665,100
5666,30
5667,200
5668,30
5669,3
5670,480
5671,2.42
5672,1500
5673,60
5674,62.5
5675,188
5676,1837.5
5677,29
5678,42
5679,25
5680,100
5681,299.5
5682,471
5683,2
5684,250
5685,1.5
5686,25
5687,407
5688,1256
5689,1
5690,25
5691,630
5692,1
5693,480
5694,360
5695,185
5696,175
5697,400
5698,8
5699,1764
5700,3.14
5701,12
5702,16.67
5703,5
5704,2
5705,40
5706,32.5
5707,490
5708,21
5709,10000
5710,18.45
5711,30
5712,2
5713,800
5714,1.1
5715,100
5716,113
5717,40
5718,192
5719,9
5720,945
5721,5
5722,2
5723,5
5724,330
5725,105
5726,10.5
5727,32
5728,-5
5729,52
5730,4
5731,1120
5732,1072
5733,168.2
5734,10682
5735,2
5736,113.04
5737,425
5738,3430
5739,81
5740,4
5741,6.4
5742,10
5743,30
5744,635
5745,300
5746,160
5747,30
5748,2000
5749,153.86
5750,702
5751,332
5752,200
5753,285
5754,232
5755,90
5756,140
5757,12
5758,80
5759,-144
5760,100
5761,15.75
5762,150
5763,98
5764,36
5765,24
5766,1680
5767,-7.2
5768,1920
5769,245
5770,75
5771,200
5772,22.61
5773,3
5774,24
5775,1
5776,50
5777,250
5778,0.75
5779,10
5780,6
5781,10
5782,192
5783,2
5784,40
5785,1450
5786,145
5787,44
5788,1012750
5789,200
5790,891
5791,6
5792,3840000
5793,10080
5794,100
5795,243
5796,525
5797,6
5798,0.4
5799,10
5800,234
5801,0.13
5802,250
5803,6.8
5804,3
5805,2
5806,32
5807,457
5808,60
5809,78.2
5810,12
5811,0.76
5812,11
5813,350
5814,227
5815,21
5816,67.5
5817,5.5
5818,25
5819,16
5820,9
5821,72
5822,75
5823,5
5824,28
5825,3
5826,80
5827,100
5828,32
5829,210000
5830,85
5831,3
5832,4550
5833,2.17
5834,120
5835,1500
5836,11.304
5837,0
5838,23.55
5839,12
5840,32
5841,24
5842,30
5843,136
5844,273
5845,93
5846,9
5847,2000
5848,100
5849,16
5850,10.4
5851,10.5
5852,20
5853,8640
5854,4
5855,3250
5856,9000
5857,4000
5858,480
5859,24
5860,13
5861,0.8
5862,126.7
5863,680
5864,42
5865,2.32
5866,150
5867,5
5868,0.45
5869,2.67
5870,10
5871,12
5872,120
5873,5
5874,120
5875,3
5876,32
5877,72
5878,2
5879,450
5880,19.5
5881,501
5882,11.25
5883,249
5884,20
5885,100
5886,12
5887,7.5
5888,1158
5889,53
5890,13
5891,30
5892,41
5893,37.8
5894,2400
5895,32
5896,750
5897,1
5898,060
5899,8
5900,18
5901,6
5902,55
5903,1.875
5904,110320
5905,280
5906,11
5907,8
5908,21
5909,31
5910,49
5911,9
5912,16
5913,33
5914,25
5915,8
5916,3
5917,7
5918,50
5919,60
5920,46
5921,8
5922,8
5923,18
5924,53
5925,42
5926,36
5927,10
5928,694
5929,747
5930,5
5931,370
5932,6
5933,72
5934,42
5935,26
5936,41
5937,8
5938,10
5939,35
5940,12
5941,20
5942,10
5943,75
5944,15
5945,1
5946,10
5947,36
5948,38
5949,56
5950,9
5951,6
5952,12
5953,11
5954,10
5955,28
5956,21
5957,35
5958,82
5959,44
5960,10
5961,62
5962,6
5963,36
5964,24
5965,24
5966,16
5967,103
5968,41
5969,10
5970,72
5971,111
5972,4
5973,1
5974,5
5975,5
5976,5
5977,3
5978,2
5979,12
5980,3
5981,38
5982,9
5983,4
5984,22
5985,60
5986,9
5987,34
5988,17
5989,27
5990,10
5991,4
5992,4
5993,18
5994,18
5995,20
5996,6
5997,4
5998,8
5999,5
6000,7
6001,7
6002,6
6003,6
6004,26
6005,47
6006,6
6007,9
6008,47
6009,81
6010,19
6011,28
6012,20
6013,20
6014,46
6015,44
6016,27
6017,8
6018,4
6019,24
6020,31
6021,41
6022,19
6023,3
6024,3
6025,4
6026,18
6027,13
6028,3
6029,11
6030,25
6031,26
6032,91
6033,35
6034,90
6035,56
6036,26
6037,81
6038,55
6039,6
6040,135
6041,51
6042,88
6043,16
6044,24
6045,57
6046,26
6047,6
6048,26
6049,7.90
6050,20
6051,106
6052,31
6053,27
6054,15
6055,88
6056,57
6057,7
6058,16
6059,8
6060,81
6061,81
6062,9
6063,67
6064,6
6065,8
6066,23
6067,27
6068,2
6069,36
6070,29
6071,9
6072,24
6073,80
6074,26
6075,20
6076,4
6077,20
6078,3
6079,25
6080,8
6081,6
6082,22
6083,53
6084,41
6085,37
6086,45
6087,19
6088,24
6089,31
6090,42
6091,11
6092,32
6093,40
6094,44
6095,30
6096,20
6097,35
6098,45
6099,25
6100,8
6101,8
6102,14
6103,8
6104,1.43
6105,72
6106,34
6107,9
6108,6
6109,3
6110,18
6111,4
6112,19
6113,10
6114,5
6115,7
6116,30
6117,6
6118,35
6119,16
6120,4
6121,56
6122,16
6123,0
6124,33
6125,33
6126,16
6127,12
6128,23
6129,8
6130,6
6131,8
6132,16
6133,2
6134,18
6135,8
6136,19
6137,6
6138,15
6139,40
6140,54
6141,75
6142,16
6143,16
6144,27
6145,21
6146,8
6147,15
6148,46
6149,1.25
6150,4
6151,80
6152,68
6153,26
6154,20
6155,135
6156,270
6157,139
6158,492
6159,398
6160,4
6161,40
6162,150
6163,5
6164,0.8
6165,2
6166,100
6167,1791
6168,520
6169,1440
6170,121
6171,5
6172,4
6173,1620
6174,30
6175,27.69
6176,700
6177,2400
6178,0.6
6179,10.5
6180,38
6181,27
6182,88
6183,-40
6184,4350
6185,-3060
6186,61
6187,4360
6188,560
6189,543
6190,253
6191,85
6192,450
6193,112.5
6194,95
6195,-1880
6196,160
6197,5100
6198,984
6199,36
6200,48
6201,192
6202,4
6203,108
6204,40
6205,40
6206,72
6207,8
6208,100
6209,23
6210,26
6211,136
6212,358
6213,148
6214,140
6215,270
6216,99
6217,66.67
6218,40
6219,1
6220,477
6221,1279
6222,129
6223,39
6224,2
6225,9
6226,168
6227,9
6228,9
6229,72
6230,315
6231,55
6232,1
6233,220
6234,14
6235,2200
6236,98
6237,96
6238,113
6239,16
6240,360
6241,33
6242,210
6243,5
6244,6
6245,535
6246,278
6247,82
6248,395
6249,150
6250,5
6251,5
6252,116
6253,250
6254,36
6255,146
6256,78
6257,100
6258,6
6259,900
6260,11
6261,45
6262,9
6263,2872
6264,91
6265,41
6266,90
6267,200
6268,1029
6269,540
6270,4000
6271,879
6272,800
6273,77
6274,41.2
6275,200
6276,2
6277,63
6278,250
6279,4
6280,2.5
6281,344
6282,186
6283,10
6284,29.40
6285,1.16
6286,2.02
6287,42
6288,210
6289,18
6290,1024
6291,230
6292,200
6293,-70.60
6294,87
6295,-165
6296,1200
6297,75
6298,67.7
6299,43
6300,22.4
6301,4.10
6302,307
6303,525
6304,64
6305,165
6306,14910
6307,315
6308,6
6309,86
6310,147
6311,64
6312,100
6313,5
6314,160
6315,45
6316,16
6317,337.5
6318,6.5
6319,500
6320,1
6321,64
6322,4200
6323,200
6324,3
6325,66
6326,6
6327,5140
6328,20
6329,2920
6330,6120
6331,11920
6332,710
6333,650
6334,4800
6335,696
6336,125
6337,900
6338,9
6339,40
6340,160
6341,48
6342,160
6343,400
6344,2200
6345,8
6346,6
6347,5
6348,48
6349,2
6350,20
6351,3600
6352,13
6353,1
6354,200
6355,7
6356,44
6357,1200
6358,15
6359,15
6360,36.00
6361,110
6362,6405
6363,15
6364,1
6365,1/2
6366,6
6367,8
6368,90
6369,19
6370,30
6371,24
6372,45.7
6373,1/3
6374,50
6375,107
6376,27
6377,1512
6378,7.06
6379,51.05
6380,13
6381,12
6382,60
6383,7000
6384,2
6385,180
6386,78
6387,93.75
6388,17.5
6389,6
6390,200
6391,1.2
6392,3
6393,23.5
6394,100
6395,3
6396,6720
6397,6
6398,4.3
6399,1518
6400,158
6401,640
6402,2
6403,6
6404,200
6405,240
6406,675
6407,1664
6408,660
6409,20000
6410,7
6411,1.4
6412,3000
6413,350
6414,0.0111
6415,22.03
6416,130.1
6417,63
6418,1950
6419,38
6420,540
6421,1368
6422,1980
6423,45
6424,35
6425,12
6426,750
6427,180
6428,70
6429,16
6430,13.5
6431,7.25
6432,2
6433,18
6434,145
6435,80
6436,648
6437,15
6438,18
6439,17
6440,1200
6441,3
6442,720
6443,20
6444,40
6445,86.1
6446,5.88
6447,188.8
6448,16
6449,65
6450,346.24
6451,32
6452,38
6453,19
6454,80
6455,10.8
6456,630
6457,100
6458,1200
6459,648
6460,0.12
6461,15
6462,40
6463,105
6464,1920
6465,288
6466,2
6467,10
6468,21
6469,21
6470,20
6471,24
6472,26
6473,10
6474,7
6475,18
6476,33
6477,9
6478,4
6479,40
6480,8
6481,65
6482,48
6483,3524
6484,6
6485,200
6486,8
6487,49
6488,100
6489,6
6490,4
6491,70
6492,60
6493,105
6494,20
6495,62.8
6496,12
6497,2
6498,29.8
6499,24.2
6500,34
6501,600
6502,0.037
6503,9
6504,24
6505,600
6506,136
6507,4
6508,95
6509,16
6510,35
6511,140
6512,64
6513,335
6514,848
6515,4
6516,1000
6517,120
6518,1.05
6519,1250
6520,15
6521,1568
6522,5
6523,1.89
6524,3
6525,9
6526,4.8
6527,4.5
6528,62
6529,91
6530,1050
6531,890.17
6532,32
6533,6
6534,2700
6535,30
6536,176
6537,54
6538,170
6539,15
6540,220
6541,25
6542,1680
6543,222
6544,6
6545,4.743
6546,2000
6547,94
6548,147
6549,375
6550,16
6551,1872
6552,206
6553,10
6554,4
6555,648
6556,133
6557,27
6558,69
6559,4
6560,15
6561,661
6562,2.27
6563,16
6564,308
6565,35
6566,9
6567,17
6568,5625
6569,80
6570,160
6571,50
6572,1802
6573,900
6574,13
6575,1908
6576,900
6577,160.1
6578,4410
6579,8
6580,40
6581,360
6582,85
6583,2520
6584,1
6585,5
6586,612
6587,36
6588,93.1
6589,6
6590,36
6591,1330
6592,40
6593,130
6594,900
6595,1.021
6596,50
6597,6.7
6598,306
6599,2730
6600,2560
6601,2250
6602,52
6603,328
6604,38
6605,215
6606,18750
6607,120
6608,37
6609,18
6610,50
6611,248
6612,4
6613,24
6614,336
6615,1050
6616,624
6617,825
6618,37
6619,356
6620,21
6621,8.5
6622,4
6623,576
6624,288
6625,6
6626,8552
6627,557.14
6628,650
6629,60
6630,824
6631,4.4
6632,72
6633,1500.5
6634,5
6635,3
6636,54
6637,-5
6638,24
6639,6.8
6640,37.5
6641,0.1
6642,1610
6643,120
6644,736
6645,2
6646,4600
6647,6960
6648,550
6649,2
6650,414
6651,48
6652,25
6653,615
6654,231
6655,-10.10
6656,23
6657,6
6658,205
6659,540
6660,25
6661,266
6662,1
6663,7
6664,285
6665,8
6666,186
6667,832
6668,100
6669,25
6670,1050
6671,1872
6672,60
6673,388.5
6674,138
6675,158
6676,28
6677,379
6678,108000
6679,770
6680,-240
6681,1400
6682,472
6683,22
6684,606
6685,7
6686,525
6687,480.16
6688,294
6689,180
6690,11.25
6691,2
6692,17.90
6693,35
6694,240
6695,56
6696,20
6697,2700
6698,1152
6699,10.3
6700,47
6701,7200
6702,98
6703,69
6704,4840
6705,4.17
6706,45
6707,23
6708,18.72
6709,14
6710,18000
6711,10
6712,97
6713,8
6714,16
6715,7
6716,16
6717,3
6718,18
6719,5
6720,85
6721,201
6722,-375
6723,50
6724,496
6725,2440
6726,80
6727,5
6728,18
6729,1
6730,21
6731,19
6732,4
6733,24
6734,11
6735,40
6736,84
6737,79
6738,24
6739,96
6740,10
6741,41
6742,21
6743,106
6744,12
6745,15
6746,2
6747,3
6748,30
6749,32
6750,21
6751,4
6752,29
6753,35
6754,36
6755,80
6756,37
6757,8
6758,29
6759,17
6760,35
6761,45
6762,6
6763,20
6764,4
6765,48
6766,-4
6767,8.68
6768,-4
6769,4
6770,6
6771,6
6772,6
6773,60
6774,20
6775,6
6776,19
6777,49.7
6778,1.5
6779,2
6780,5
6781,17
6782,45
6783,43
6784,39
6785,22
6786,94.40
6787,50
6788,8
6789,59
6790,87
6791,11
6792,18
6793,79
6794,36
6795,10
6796,21
6797,24
6798,35
6799,39
6800,61
6801,20
6802,95
6803,22
6804,14
6805,120
6806,40
6807,24
6808,10
6809,35
6810,65
6811,30
6812,50
6813,100
6814,33
6815,22
6816,9
6817,55
6818,47
6819,81
6820,37
6821,11
6822,31
6823,23
6824,-3
6825,24
6826,30
6827,38
6828,12
6829,28
6830,33
6831,40
6832,57
6833,14
6834,36
6835,40
6836,46
6837,16
6838,24
6839,6
6840,5
6841,35
6842,7
6843,2
6844,3
6845,12
6846,9
6847,18
6848,16
6849,18
6850,14
6851,13
6852,8
6853,3
6854,6000
6855,17
6856,9
6857,7
6858,0.0279
6859,178
6860,1360
6861,60
6862,100
6863,4860
6864,320
6865,8
6866,2
6867,95%
6868,840
6869,556
6870,1280
6871,304
6872,4410
6873,1500
6874,36000
6875,144
6876,12
6877,6
6878,260
6879,10
6880,200
6881,120
6882,108
6883,16
6884,10
6885,1760
6886,160
6887,49
6888,60
6889,8.2
6890,250
6891,72
6892,20
6893,5750
6894,6
6895,269
6896,512
6897,1680
6898,56.52
6899,800
6900,35
6901,3.53
6902,56.68
6903,70
6904,4
6905,204
6906,1
6907,81
6908,29
6909,625
6910,37
6911,345
6912,0
6913,96%
6914,91.82%
6915,5
6916,3
6917,0.28
6918,1.3704
6919,2.16
6920,2
6921,2.44
6922,3
6923,27
6924,121
6925,32
6926,14
6927,4000
6928,48
6929,1296
6930,6440
6931,3
6932,70
6933,12.5
6934,2.4
6935,52
6936,18
6937,40
6938,13
6939,8
6940,10%
6941,314.5
6942,60
6943,115%
6944,10210
6945,20
6946,2
6947,1
6948,10
6949,22
6950,-0.3
6951,10
6952,360
6953,42
6954,3.2
6955,60
6956,-10
6957,1.8
6958,9
6959,35
6960,150
6961,96
6962,7500
6963,140
6964,5
6965,1511
6966,16
6967,2
6968,7
6969,3
6970,24
6971,32
6972,7.2
6973,8
6974,36
6975,160
6976,14
6977,24
6978,96
6979,184
6980,12
6981,42.86%
6982,950
6983,166
6984,30
6985,12.5
6986,2380
6987,136
6988,40
6989,75
6990,4500
6991,1600
6992,120
6993,5
6994,270
6995,2600
6996,1300
6997,5.32
6998,20
6999,-3900
7000,7
7001,0.8667
7002,0.4
7003,5.25
7004,512
7005,10
7006,225
7007,280
7008,20%
7009,4.8
7010,1
7011,113.09
7012,625
7013,150
7014,44
7015,560
7016,1.5
7017,251.2
7018,0.8
7019,1620
7020,50
7021,56.51
7022,71.43
7023,84
7024,5
7025,5
7026,180
7027,2.612
7028,-20%
7029,1
7030,74
7031,150
7032,33.168
7033,150
7034,25%
7035,80
7036,8
7037,11.5%
7038,512
7039,777
7040,5
7041,780
7042,770
7043,180
7044,60
7045,8
7046,1
7047,96
7048,60
7049,2
7050,16293
7051,1560
7052,12
7053,2
7054,16
7055,80
7056,3
7057,5
7058,18
7059,2.8
7060,60%
7061,18
7062,22.8
7063,0.0384
7064,25
7065,1.7
7066,2800
7067,1.26
7068,135
7069,27.33
7070,2
7071,2
7072,350
7073,500
7074,20%
7075,5
7076,660
7077,50
7078,2500
7079,0.375
7080,91
7081,150
7082,60
7083,1050
7084,3.6
7085,7
7086,198
7087,1
7088,72
7089,38
7090,96
7091,60
7092,6
7093,216
7094,22
7095,4
7096,6.32
7097,0.9
7098,4
7099,20
7100,41
7101,4
7102,0.039
7103,2
7104,90
7105,16.25
7106,125
7107,0.5
7108,19
7109,75
7110,1
7111,17
7112,3
7113,1
7114,7.81
7115,60
7116,108
7117,25.144
7118,19
7119,60
7120,4.8
7121,430.2
7122,445
7123,100
7124,32
7125,6
7126,540
7127,1.2
7128,192
7129,95
7130,30.9076
7131,4
7132,30
7133,400
7134,-188
7135,45
7136,60
7137,80
7138,62.5
7139,3.6
7140,3.62
7141,0.656
7142,18
7143,88.89%
7144,3
7145,1
7146,6%
7147,66.67%
7148,11
7149,0.625
7150,150
7151,91.31
7152,340
7153,3
7154,80
7155,1067
7156,150
7157,58
7158,40
7159,6.48
7160,12
7161,50
7162,9
7163,4
7164,129
7165,0.5
7166,364
7167,520
7168,93.75
7169,24
7170,24
7171,99
7172,5
7173,52%
7174,1
7175,3
7176,128
7177,1000
7178,350
7179,182
7180,100
7181,1125.5
7182,1400
7183,3330
7184,5
7185,72
7186,9
7187,768
7188,34
7189,368
7190,97
7191,0.48
7192,4775
7193,84608
7194,6160
7195,0.88
7196,800
7197,144
7198,48
7199,2
7200,167
7201,9
7202,5760
7203,108
7204,81
7205,56.5
7206,70
7207,40
7208,9600
7209,2272
7210,54
7211,4.06
7212,20
7213,0.33
7214,300
7215,62
7216,403
7217,62.8
7218,7.85
7219,710
7220,22
7221,128
7222,15
7223,150%
7224,150
7225,13.5
7226,13.68
7227,13
7228,32
7229,0.85
7230,84%
7231,66
7232,4
7233,5
7234,2.5
7235,90
7236,24.04
7237,100
7238,57.5
7239,1.1
7240,8
7241,262
7242,36
7243,5
7244,4
7245,630
7246,125
7247,6.4
7248,168
7249,2000
7250,3000
7251,3
7252,72
7253,108
7254,1/30
7255,119
7256,117
7257,340
7258,840
7259,184
7260,60
7261,48
7262,3
7263,22
7264,32
7265,1250
7266,80
7267,160
7268,4
7269,11769
7270,4
7271,12
7272,12
7273,150
7274,4144
7275,280
7276,50
7277,187.5
7278,6000
7279,80000
7280,2
7281,90
7282,240
7283,-0.1
7284,15
7285,15
7286,8
7287,4
7288,5.45
7289,115
7290,10
7291,3000
7292,35
7293,135
7294,4000
7295,29.95
7296,240
7297,150
7298,272
7299,55
7300,15
7301,91.25%
7302,15
7303,120
7304,7250
7305,60
7306,108
7307,27
7308,400
7309,31.2
7310,70000
7311,15
7312,150
7313,160
7314,111.35
7315,251.33
7316,88
7317,251.2
7318,1038
7319,15
7320,9
7321,36
7322,646
7323,245
7324,105.56
7325,0.5
7326,2800
7327,0.4
7328,4800
7329,16
7330,6
7331,280
7332,4
7333,-140
7334,300
7335,1170
7336,5160
7337,2
7338,15
7339,126
7340,40.525
7341,48
7342,60
7343,5
7344,90
7345,2.26
7346,77.55
7347,2
7348,314.14
7349,180
7350,36
7351,28
7352,16
7353,12
7354,1000
7355,660
7356,19.62
7357,16
7358,0.6
7359,31
7360,10
7361,940
7362,778
7363,8
7364,90
7365,47
7366,4500
7367,700
7368,6
7369,72
7370,11.36
7371,1.75
7372,480
7373,48
7374,120
7375,9
7376,3
7377,1.84
7378,50
7379,16
7380,2600
7381,100
7382,180
7383,1
7384,5
7385,2
7386,3
7387,1000
7388,15.06
7389,14.25
7390,6
7391,1500
7392,48
7393,400
7394,80
7395,480
7396,4800
7397,52
7398,3.6
7399,60
7400,64
7401,24
7402,4.5
7403,40
7404,21
7405,96
7406,5
7407,87
7408,10
7409,275
7410,225
7411,11
7412,-100
7413,125
7414,65
7415,3
7416,5.35
7417,19
7418,195
7419,2
7420,55
7421,12.5
7422,36
7423,36
7424,151
7425,-17.28
7426,72
7427,4
7428,800
7429,2700
7430,99%
7431,480
7432,42
7433,80
7434,46.4
7435,800
7436,264
7437,12.6
7438,17
7439,25
7440,2400
7441,4
7442,4.88
7443,14.4
7444,25
7445,0.8
7446,7
7447,2700
7448,7200
7449,7500
7450,78.5
7451,120
7452,20
7453,120
7454,2.33
7455,31
7456,37.5%
7457,15
7458,3.14
7459,6
7460,500
7461,360
7462,0.6
7463,4308
7464,-1.55
7465,667
7466,360
7467,480
7468,125
7469,20
7470,3.14
7471,3
7472,2
7473,0.15
7474,153
7475,12
7476,40
7477,12
7478,50
7479,4.48
7480,37.67
7481,50.5
7482,840
7483,400
7484,2
7485,30
7486,450
7487,3
7488,7
7489,4800
7490,15
7491,181
7492,116
7493,80
7494,90
7495,24
7496,5.4
7497,500
7498,3.3
7499,15
7500,108.588
7501,3
7502,2.4
7503,0.6
7504,61
7505,173
7506,32
7507,2400
7508,66
7509,210
7510,2
7511,1
7512,0.95
7513,9.8
7514,0
7515,1486
7516,51
7517,2
7518,1
7519,0.55
7520,1595
7521,6081
7522,1413
7523,16
7524,747
7525,35
7526,23280
7527,303.75
7528,5
7529,28
7530,41
7531,25
7532,4
7533,400
7534,280
7535,57.6
7536,352
7537,17
7538,28.8
7539,35
7540,5
7541,10
7542,1224
7543,27.62
7544,60
7545,1600
7546,4
7547,1
7548,675
7549,32.94
7550,80
7551,1000
7552,215
7553,63
7554,27
7555,820
7556,10
7557,3600000000
7558,64
7559,9
7560,110
7561,54
7562,300
7563,24
7564,40
7565,268
7566,99
7567,11.25
7568,1200
7569,2
7570,12
7571,6
7572,25.72
7573,16
7574,5
7575,0.3
7576,6
7577,50.24
7578,26.15
7579,1/3
7580,1800
7581,138
7582,29.4
7583,135
7584,6000
7585,60
7586,36
7587,36
7588,161
7589,14
7590,4
7591,17
7592,20
7593,9
7594,620
7595,2430
7596,127
7597,2
7598,18
7599,10
7600,5
7601,10
7602,68.64
7603,24
7604,12
7605,8
7606,512
7607,30000
7608,80
7609,18
7610,24
7611,2.8
7612,34
7613,18
7614,11.2
7615,0.36
7616,0.167
7617,10
7618,18
7619,24
7620,26
7621,11
7622,2
7623,1
7624,0.4
7625,81
7626,0
7627,32.5
7628,36.58
7629,2
7630,3.06
7631,0.5
7632,343
7633,3
7634,90
7635,15%
7636,800
7637,13.5
7638,120
7639,93
7640,0
7641,0.6
7642,8
7643,18
7644,21
7645,20
7646,0.72
7647,13
7648,2
7649,5/7
7650,1120
7651,2000
7652,0.03
7653,3.3
7654,144
7655,2400
7656,19/20
7657,64
7658,20
7659,6.76
7660,960
7661,31.8
7662,1
7663,5/8
7664,6
7665,12/25
7666,43.33
7667,2
7668,15
7669,2
7670,21
7671,60
7672,12
7673,4
7674,10
7675,505
7676,4
7677,2520
7678,40
7679,4050
7680,1.6
7681,4032
7682,6000
7683,8
7684,4
7685,30
7686,800
7687,1
7688,35
7689,35
7690,5.55
7691,64
7692,8280
7693,0.51
7694,3
7695,534000
7696,1.8
7697,26
7698,15
7699,16
7700,10
7701,100
7702,7
7703,9.5
7704,13.35
7705,8
7706,2995
7707,592.5
7708,28
7709,148
7710,72
7711,3/4
7712,2
7713,1/4
7714,1
7715,48
7716,42
7717,6.65
7718,24
7719,100
7720,11
7721,343.92
7722,87
7723,120
7724,1350
7725,28
7726,10
7727,44
7728,24
7729,6
7730,140
7731,9
7732,18
7733,0.8
7734,80
7735,337.5
7736,7
7737,6
7738,16
7739,30
7740,74
7741,135
7742,36
7743,85
7744,640
7745,2
7746,40
7747,3
7748,-194
7749,15
7750,2
7751,700
7752,1.8
7753,457.2
7754,12.5
7755,7
7756,1000
7757,1920
7758,120
7759,28.6
7760,5
7761,13.4
7762,400
7763,8
7764,2
7765,6
7766,6
7767,32800
7768,3
7769,252
7770,122
7771,2515
7772,2
7773,200
7774,72
7775,236
7776,1214
7777,35
7778,5
7779,225
7780,5
7781,2
7782,3
7783,22
7784,20
7785,10
7786,19
7787,3
7788,1800
7789,150
7790,896.5
7791,27
7792,280
7793,1
7794,20
7795,60
7796,200
7797,36
7798,420
7799,2400
7800,1500
7801,1.1
7802,400
7803,16
7804,1
7805,96
7806,100
7807,106
7808,315
7809,184
7810,2.8
7811,5
7812,1
7813,300
7814,-380
7815,5
7816,1/5
7817,14
7818,240
7819,2550
7820,400
7821,9
7822,594.67
7823,1026
7824,0.2
7825,30
7826,10
7827,3
7828,000
7829,1
7830,72
7831,510
7832,2
7833,23
7834,930000
7835,56
7836,4
7837,4
7838,11200
7839,2
7840,120
7841,4/7
7842,8
7843,35
7844,745
7845,5
7846,25.46
7847,135
7848,6.3
7849,320
7850,190
7851,15
7852,5700
7853,7
7854,16
7855,1/20
7856,4
7857,35
7858,48
7859,280
7860,8
7861,1
7862,504
7863,3
7864,1
7865,8
7866,25
7867,9
7868,36
7869,7
7870,180
7871,7.5%
7872,180
7873,12.6
7874,9.33
7875,2/3
7876,6
7877,7
7878,50
7879,221
7880,1/8
7881,150
7882,62.5
7883,6/5
7884,11/60
7885,16/25
7886,104
7887,88.8%
7888,2
7889,9
7890,8
7891,8
7892,12.5
7893,765
7894,311
7895,2
7896,900
7897,7.8
7898,9
7899,4
7900,13
7901,9
7902,5
7903,20
7904,6
7905,3
7906,79
7907,200
7908,14
7909,1/20
7910,8
7911,3.46
7912,10000
7913,64
7914,2700
7915,1/5
7916,3
7917,96
7918,1
7919,864
7920,10%
7921,0.064
7922,1/4
7923,75%
7924,8
7925,324
7926,4
7927,900
7928,466
7929,360
7930,15
7931,3000
7932,1/2
7933,16
7934,1
7935,8
7936,0.8
7937,2/5
7938,1000000
7939,46
7940,9
7941,29
7942,12
7943,3
7944,300
7945,42
7946,6
7947,15
7948,12
7949,25
7950,0
7951,70
7952,162
7953,23
7954,128
7955,129
7956,57
7957,2542
7958,28.2
7959,150
7960,15
7961,2
7962,6
7963,2
7964,7000
7965,6
7966,5
7967,15
7968,1696
7969,12
7970,0
7971,3
7972,624
7973,1
7974,4
7975,30
7976,51
7977,200
7978,20
7979,5
7980,42
7981,392
7982,25
7983,40
7984,30
7985,65
7986,40
7987,40
7988,2160
7989,144000
7990,294
7991,72
7992,4
7993,1200
7994,193
7995,11
7996,60
7997,550
7998,5/7
7999,35
